Country,Happiness Rank_2015,Happiness Score_2015,Economy_2015,Family_2015,Health_2015,Freedom_2015,Generosity_2015,Trust_2015,Dystopia_2015,Happiness Rank_2016,Happiness Score_2016,Economy_2016,Family_2016,Health_2016,Freedom_2016,Generosity_2016,Trust_2016,Dystopia_2016,Happiness Rank_2017,Happiness Score_2017,Economy_2017,Family_2017,Health_2017,Freedom_2017,Generosity_2017,Trust_2017,Dystopia_x,Happiness Rank_2018,Happiness Score_2018,Economy_2018,Family_2018,Health_2018,Freedom_2018,Generosity_2018,Trust_2018,Happiness Rank_2019,Happiness Score_2019,Economy_2019,Family_2019,Health_2019,Freedom_2019,Generosity_2019,Trust_2019,Happiness Rank_2020,Happiness Score_2020,Economy_2020,Family_2020,Health_2020,Freedom_2020,Generosity_2020,Trust_2020,Dystopia_y,Happiness Rank_2021,Happiness Score_2021,Economy_2021,Family_2021,Health_2021,Freedom_2021,Generosity_2021,Trust_2021,Dystopia_2021,Happiness Rank_2022,Happiness Score_2022,Economy_2022,Family_2022,Health_2022,Freedom_2022,Generosity_2022,Trust_2022,Dystopia_2022,Region
Switzerland,1,7.587,1.39651,1.34951,0.94143,0.66557,0.29678,0.41978,2.51738,2,7.509,1.52733,1.14524,0.86303,0.58557,0.28083,0.41203,2.69463,4,7.493999958,1.564979553,1.516911745,0.858131289,0.620070577,0.290549278,0.367007285,2.276716232,5,7.487,1.42,1.549,0.927,0.66,0.256,0.357,6,7.48,1.452,1.526,1.052,0.572,0.263,0.343,3,7.559899807,10.97993279,0.942846596,74.10244751,0.921336651,0.105911039,0.303728431,2.35026741,3,7.571,11.117,0.942,74.4,0.919,0.025,0.292,2.839,4,7.512,2.026,1.226,0.822,0.677,0.147,0.461,2.153,Western Europe
Iceland,2,7.561,1.30232,1.40223,0.94784,0.62877,0.4363,0.14145,2.70201,3,7.501,1.42666,1.18326,0.86733,0.56624,0.47678,0.14975,2.83137,3,7.504000187,1.48063302,1.610574007,0.833552122,0.627162635,0.475540221,0.153526559,2.322715282,4,7.495,1.343,1.644,0.914,0.677,0.353,0.138,4,7.494,1.38,1.624,1.026,0.591,0.354,0.118,4,7.504499912,10.77255917,0.974669576,73,0.948891878,0.246944219,0.711709738,2.460688114,4,7.554,10.878,0.983,73,0.955,0.16,0.673,2.967,3,7.557,1.936,1.32,0.803,0.718,0.27,0.191,2.32,Western Europe
Denmark,3,7.527,1.32548,1.36058,0.87464,0.64938,0.34139,0.48357,2.49204,1,7.526,1.44178,1.16374,0.79504,0.57941,0.36171,0.44453,2.73939,2,7.521999836,1.482383013,1.551121593,0.792565525,0.626006722,0.355280489,0.400770068,2.313707352,3,7.555,1.351,1.59,0.868,0.683,0.284,0.408,2,7.6,1.383,1.573,0.996,0.592,0.252,0.41,2,7.645599842,10.77400112,0.955990791,72.40250397,0.951444268,0.066201776,0.168489456,2.432740688,2,7.62,10.933,0.954,72.7,0.946,0.03,0.179,2.868,2,7.636,1.953,1.243,0.777,0.719,0.188,0.532,2.226,Western Europe
Norway,4,7.522,1.459,1.33095,0.88521,0.66973,0.34699,0.36503,2.46531,4,7.498,1.57744,1.1269,0.79579,0.59609,0.37895,0.35776,2.66465,1,7.537000179,1.616463184,1.53352356,0.796666503,0.635422587,0.362012237,0.315963835,2.277026653,2,7.594,1.456,1.582,0.861,0.686,0.286,0.34,3,7.554,1.488,1.582,1.028,0.603,0.271,0.341,5,7.487999916,11.08780384,0.952486575,73.20078278,0.955750287,0.13453263,0.263218194,2.168266296,6,7.392,11.053,0.954,73.3,0.96,0.093,0.27,2.58,8,7.365,1.997,1.239,0.786,0.728,0.217,0.474,1.925,Western Europe
Canada,5,7.427,1.32629,1.32261,0.90563,0.63297,0.45811,0.32957,2.45176,6,7.404,1.44015,1.0961,0.8276,0.5737,0.44834,0.31329,2.70485,7,7.315999985,1.479204416,1.481348991,0.834557652,0.611100912,0.435539722,0.287371516,2.187264442,7,7.328,1.33,1.532,0.896,0.653,0.321,0.291,9,7.278,1.365,1.505,1.039,0.584,0.285,0.308,11,7.23210001,10.69236851,0.927176654,73.60160065,0.933913231,0.124770768,0.390843362,2.195269108,14,7.103,10.776,0.926,73.8,0.915,0.089,0.415,2.585,15,7.025,1.886,1.188,0.783,0.659,0.217,0.368,1.924,North America
Finland,6,7.406,1.29025,1.31826,0.88911,0.64169,0.23351,0.41372,2.61955,5,7.413,1.40598,1.13464,0.81091,0.57104,0.25492,0.41004,2.82596,5,7.468999863,1.443571925,1.540246725,0.80915767,0.617950857,0.245482773,0.382611543,2.430181503,1,7.632,1.305,1.592,0.874,0.681,0.202,0.393,1,7.769,1.34,1.587,0.986,0.596,0.153,0.393,1,7.808700085,10.63926697,0.954329729,71.9008255,0.949172199,-0.059482019,0.195444584,2.762835026,1,7.842,10.775,0.954,72,0.949,-0.098,0.186,3.253,1,7.821,1.892,1.258,0.775,0.736,0.109,0.534,2.518,Western Europe
Netherlands,7,7.378,1.32944,1.28017,0.89284,0.61576,0.4761,0.31814,2.4657,7,7.339,1.46468,1.02912,0.81231,0.55211,0.47416,0.29927,2.70749,6,7.376999855,1.503944635,1.428939223,0.810696125,0.585384488,0.47048983,0.282661825,2.294804096,6,7.441,1.361,1.488,0.878,0.638,0.333,0.295,5,7.488,1.396,1.522,0.999,0.557,0.322,0.298,6,7.448900223,10.81271172,0.93913883,72.30091858,0.908547819,0.20761244,0.364717126,2.352117062,5,7.464,10.932,0.942,72.4,0.913,0.175,0.338,2.798,5,7.415,1.945,1.206,0.787,0.651,0.271,0.419,2.137,Western Europe
Sweden,8,7.364,1.33171,1.28907,0.91087,0.6598,0.36262,0.43844,2.37119,10,7.291,1.45181,1.08764,0.83121,0.58218,0.38254,0.40867,2.54734,9,7.28399992,1.494387269,1.478162169,0.830875158,0.612924099,0.385399252,0.384398729,2.097537994,9,7.314,1.355,1.501,0.913,0.659,0.285,0.383,7,7.343,1.387,1.487,1.009,0.574,0.267,0.373,7,7.353499889,10.75879383,0.926311195,72.60076904,0.939144194,0.111614622,0.250880182,2.246299267,7,7.363,10.867,0.934,72.7,0.945,0.086,0.237,2.683,7,7.384,1.92,1.204,0.803,0.724,0.218,0.512,2.003,Western Europe
New Zealand,9,7.286,1.25018,1.31967,0.90837,0.63938,0.47501,0.42922,2.26425,8,7.334,1.36066,1.17278,0.83096,0.58147,0.49401,0.41904,2.47553,8,7.31400013,1.405706048,1.548195124,0.816759706,0.61406213,0.500005126,0.382816702,2.046456337,8,7.324,1.268,1.601,0.876,0.669,0.365,0.389,8,7.307,1.303,1.557,1.026,0.585,0.33,0.38,8,7.299600124,10.50094318,0.949118972,73.20262909,0.936217487,0.191598073,0.22113885,2.128108025,9,7.277,10.643,0.948,73.4,0.929,0.134,0.242,2.612,10,7.2,1.852,1.235,0.752,0.68,0.245,0.483,1.954,Australia and New Zealand
Australia,10,7.284,1.33358,1.30923,0.93156,0.65124,0.43562,0.35637,2.26646,9,7.313,1.44443,1.10476,0.8512,0.56837,0.47407,0.32331,2.5465,10,7.28399992,1.484414935,1.510041952,0.843886793,0.601607382,0.47769925,0.30118373,2.065210819,10,7.272,1.34,1.573,0.91,0.647,0.361,0.302,11,7.228,1.372,1.548,1.036,0.557,0.332,0.29,12,7.222799778,10.72059631,0.944854617,73.60453796,0.915431738,0.19046016,0.41516912,2.129804134,11,7.183,10.796,0.94,73.9,0.914,0.159,0.442,2.598,12,7.162,1.9,1.203,0.772,0.676,0.258,0.341,2.011,Australia and New Zealand
Israel,11,7.278,1.22857,1.22393,0.91387,0.41319,0.33172,0.07785,3.08854,11,7.267,1.33766,0.99537,0.84917,0.36432,0.32288,0.08728,3.31029,11,7.212999821,1.375382423,1.376289964,0.838404,0.405988604,0.330082655,0.0852421,2.801757336,19,6.814,1.301,1.559,0.883,0.533,0.354,0.272,13,7.139,1.276,1.455,1.029,0.371,0.261,0.082,14,7.128600121,10.41752529,0.913571239,73.20025635,0.747580588,0.10259372,0.78085506,2.713358402,12,7.157,10.575,0.939,73.503,0.8,0.031,0.753,3.083,9,7.364,1.826,1.221,0.818,0.568,0.155,0.143,2.634,Middle East and Northern Africa
Costa Rica,12,7.226,0.95578,1.23788,0.86027,0.63376,0.25497,0.10583,3.17728,14,7.087,1.06879,1.02152,0.76146,0.55225,0.22553,0.10547,3.35168,12,7.078999996,1.109706283,1.416403651,0.759509265,0.58013165,0.214613229,0.100106589,2.898639202,13,7.072,1.01,1.459,0.817,0.632,0.143,0.101,12,7.167,1.034,1.441,0.963,0.558,0.144,0.093,15,7.121399879,9.658156395,0.901545942,71.29985046,0.934738934,-0.10242971,0.786332428,2.953135014,16,7.069,9.88,0.891,71.4,0.934,-0.126,0.809,3.387,23,6.582,1.584,1.054,0.744,0.661,0.089,0.102,2.346,Latin America and Caribbean
Austria,13,7.2,1.33723,1.29704,0.89042,0.62433,0.33088,0.18676,2.5332,12,7.119,1.45038,1.08383,0.80565,0.54355,0.32865,0.21348,2.69343,13,7.006000042,1.487097263,1.459944963,0.815328419,0.56776619,0.316472322,0.221060365,2.138506413,12,7.139,1.341,1.504,0.891,0.617,0.242,0.224,10,7.246,1.376,1.475,1.016,0.532,0.244,0.226,9,7.294199944,10.7428236,0.928045869,73.00250244,0.899989486,0.085429221,0.499954879,2.398446083,10,7.268,10.906,0.934,73.3,0.908,0.042,0.481,2.784,11,7.163,1.931,1.165,0.774,0.623,0.193,0.329,2.148,Western Europe
Mexico,14,7.187,1.02054,0.91451,0.81444,0.48181,0.14074,0.21312,3.60214,21,6.778,1.11508,0.7146,0.71143,0.37709,0.11735,0.18355,3.55906,25,6.578000069,1.153183818,1.21086216,0.709978998,0.412730008,0.120990433,0.132774115,2.837154865,24,6.488,1.038,1.252,0.761,0.479,0.069,0.095,23,6.595,1.07,1.323,0.861,0.433,0.074,0.073,24,6.465000153,9.797797203,0.838665426,68.29902649,0.858709276,-0.175266623,0.806821585,2.662540197,36,6.317,9.859,0.831,68.597,0.862,-0.147,0.799,2.961,46,6.128,1.552,0.886,0.623,0.621,0.092,0.115,2.239,Latin America and Caribbean
United States,15,7.119,1.39451,1.24711,0.86179,0.54604,0.40105,0.1589,2.51011,13,7.104,1.50796,1.04782,0.779,0.48163,0.41077,0.14868,2.72782,14,6.993000031,1.546259284,1.419920564,0.774286628,0.505740523,0.392578781,0.135638788,2.218113422,18,6.886,1.398,1.471,0.819,0.547,0.291,0.133,19,6.892,1.433,1.457,0.874,0.454,0.28,0.128,18,6.939599991,10.92576885,0.914219022,68.29949951,0.842619538,0.149891734,0.699715316,2.344124794,19,6.951,11.023,0.92,68.2,0.837,0.098,0.698,2.807,16,6.977,1.982,1.182,0.628,0.574,0.22,0.177,2.214,North America
Brazil,16,6.983,0.98124,1.23287,0.69702,0.49049,0.14574,0.17521,3.26001,17,6.952,1.08754,1.03938,0.61415,0.40425,0.15776,0.14166,3.50733,22,6.635000229,1.10735321,1.431306005,0.616552353,0.437453747,0.162349895,0.111092761,2.769267082,28,6.419,0.986,1.474,0.675,0.493,0.11,0.088,32,6.3,1.004,1.439,0.802,0.39,0.099,0.086,32,6.375599861,9.56643486,0.896723807,66.48016357,0.799804807,-0.101812392,0.770601273,2.571860313,35,6.33,9.577,0.882,66.601,0.804,-0.071,0.756,3.015,38,6.293,1.462,1.044,0.615,0.546,0.131,0.134,2.361,Latin America and Caribbean
Ireland,18,6.94,1.33596,1.36948,0.89533,0.61777,0.45901,0.28703,1.9757,19,6.907,1.48341,1.16157,0.81455,0.54008,0.44963,0.29754,2.15988,15,6.977000237,1.535706639,1.558231115,0.809782624,0.573110342,0.427858323,0.298388153,1.773869038,14,6.977,1.448,1.583,0.876,0.614,0.307,0.306,16,7.021,1.499,1.553,0.999,0.516,0.298,0.31,16,7.093699932,11.16097832,0.942081571,72.30078888,0.886982977,0.145784974,0.357184172,1.943878174,15,7.085,11.342,0.947,72.4,0.879,0.077,0.363,2.384,13,7.041,2.129,1.166,0.779,0.627,0.19,0.408,1.743,Western Europe
Belgium,19,6.937,1.30782,1.28566,0.89667,0.5845,0.2225,0.2254,2.41484,18,6.929,1.42539,1.05249,0.81959,0.51354,0.2424,0.26248,2.61355,17,6.890999794,1.463780761,1.462312698,0.818091869,0.539770722,0.231503338,0.251343131,2.124210358,16,6.927,1.324,1.483,0.894,0.583,0.188,0.24,18,6.923,1.356,1.504,0.986,0.473,0.16,0.21,20,6.863500118,10.6736393,0.911632538,72.00164795,0.813582063,-0.078691199,0.612297952,2.348626614,20,6.834,10.823,0.906,72.199,0.783,-0.153,0.646,2.862,19,6.805,1.907,1.106,0.764,0.492,0.049,0.204,2.283,Western Europe
United Arab Emirates,20,6.901,1.42727,1.12575,0.80925,0.64157,0.26428,0.38583,2.24743,28,6.573,1.57352,0.87114,0.72993,0.56215,0.26591,0.35561,2.21507,21,6.647999763,1.626343369,1.266410232,0.726798236,0.60834527,0.360941947,0.324489564,1.734703541,20,6.774,2.096,0.776,0.67,0.284,0.186,,21,6.825,1.503,1.31,0.825,0.598,0.262,0.182,21,6.790800095,11.1099987,0.849181116,67.08278656,0.941345513,0.123450845,0.594502211,2.166965961,25,6.561,11.085,0.844,67.333,0.932,0.074,0.589,2.422,24,6.576,1.998,0.98,0.633,0.702,0.204,0.25,1.809,Middle East and Northern Africa
United Kingdom,21,6.867,1.26637,1.28548,0.90943,0.59625,0.51912,0.32067,1.96994,23,6.725,1.40283,1.08672,0.80991,0.50036,0.50156,0.27399,2.14999,19,6.714000225,1.44163394,1.49646008,0.805335939,0.508190036,0.492774159,0.265428066,1.704143524,11,7.19,1.244,1.433,0.888,0.464,0.262,0.082,15,7.054,1.333,1.538,0.996,0.45,0.348,0.278,13,7.164500237,10.60013485,0.93668282,72.30160522,0.834743679,0.263732493,0.435915917,2.236721992,17,7.064,10.707,0.934,72.5,0.859,0.233,0.459,2.596,17,6.943,1.867,1.143,0.75,0.597,0.289,0.329,1.967,Western Europe
Venezuela,23,6.81,1.04424,1.25596,0.72052,0.42908,0.05841,0.11069,3.19131,44,6.084,1.13367,1.03302,0.61904,0.19847,0.0425,0.08304,2.97468,82,5.25,1.128431201,1.431337595,0.617144227,0.153997123,0.06501963,0.064491123,1.789463758,102,4.806,0.996,1.469,0.657,0.133,0.056,0.052,108,4.707,0.96,1.427,0.805,0.154,0.064,0.047,99,5.053199768,8.977793694,0.890408158,66.50534058,0.62327832,-0.169090509,0.837038398,1.74484086,107,4.892,9.073,0.861,66.7,0.615,-0.169,0.827,2.135,108,4.925,0,0.968,0.578,0.283,0.225,0.082,2.79,Latin America and Caribbean
Singapore,24,6.798,1.52186,1.02,1.02525,0.54252,0.31105,0.4921,1.88501,22,6.739,1.64555,0.86758,0.94719,0.4877,0.32706,0.46987,1.99375,26,6.572000027,1.69227767,1.353814363,0.949492395,0.549840569,0.345965981,0.464307785,1.216362,34,6.343,1.529,1.451,1.008,0.631,0.261,0.457,34,6.262,1.572,1.463,1.141,0.556,0.271,0.453,31,6.377099991,11.39552116,0.910268962,76.80458069,0.926645339,0.029879224,0.109784193,0.937031746,32,6.377,11.488,0.915,76.953,0.927,-0.018,0.082,1.379,27,6.48,2.149,1.127,0.851,0.672,0.163,0.587,0.932,Southeastern Asia
Panama,25,6.786,1.06353,1.1985,0.79661,0.5421,0.24434,0.0927,2.84848,25,6.701,1.18306,0.98912,0.70835,0.48927,0.2418,0.08423,3.00559,30,6.452000141,1.233748436,1.373192549,0.706156135,0.550026834,0.210556939,0.070983924,2.307199955,27,6.43,1.112,1.438,0.759,0.597,0.125,0.063,31,6.321,1.149,1.442,0.91,0.516,0.109,0.054,36,6.304800034,10.03423405,0.902094483,69.60301208,0.880366504,-0.153927714,0.851588905,2.221176147,41,6.18,10.35,0.896,69.652,0.872,-0.166,0.856,2.509,37,6.309,1.715,1.107,0.709,0.592,0.049,0.051,2.086,Latin America and Caribbean
Germany,26,6.75,1.32792,1.29937,0.89186,0.61477,0.28214,0.21843,2.11569,16,6.994,1.44787,1.09774,0.81487,0.53466,0.30452,0.28551,2.50931,16,6.951000214,1.487923384,1.472520351,0.798950732,0.562511384,0.33626917,0.276731938,2.015769958,15,6.965,1.34,1.474,0.861,0.586,0.273,0.28,17,6.985,1.373,1.454,0.987,0.495,0.261,0.265,17,7.075799942,10.7328186,0.898874462,72.20201874,0.867371082,0.080179386,0.456422031,2.295249462,13,7.155,10.873,0.903,72.5,0.875,0.011,0.46,2.824,14,7.034,1.924,1.088,0.776,0.585,0.163,0.358,2.142,Western Europe
Chile,27,6.67,1.10715,1.12447,0.85857,0.44132,0.33363,0.12869,2.67585,24,6.705,1.2167,0.90587,0.81883,0.37789,0.31595,0.11451,2.95505,20,6.65199995,1.25278461,1.284024954,0.819479704,0.376895279,0.326662421,0.082287982,2.509585857,25,6.476,1.131,1.331,0.808,0.431,0.197,0.061,26,6.444,1.159,1.369,0.92,0.357,0.187,0.056,39,6.228499889,10.0320549,0.879713595,69.90061951,0.744896293,-0.065668367,0.838239431,2.283012867,43,6.172,10.071,0.882,70,0.742,-0.044,0.83,2.682,44,6.172,1.651,1.08,0.748,0.46,0.124,0.069,2.04,Latin America and Caribbean
France,29,6.575,1.27778,1.26038,0.94579,0.55011,0.12332,0.20646,2.21126,32,6.478,1.39488,1.00508,0.83795,0.46562,0.1216,0.17808,2.4744,31,6.441999912,1.430923462,1.387776852,0.844465852,0.470222116,0.129762307,0.172502428,2.005954742,23,6.489,1.293,1.466,0.908,0.52,0.098,0.176,24,6.592,1.324,1.472,1.045,0.436,0.111,0.183,23,6.663799763,10.58422279,0.937103748,73.80193329,0.825467646,-0.130641967,0.583521128,2.053198338,21,6.69,10.704,0.942,74,0.822,-0.147,0.571,2.521,20,6.687,1.863,1.219,0.808,0.567,0.07,0.266,1.895,Western Europe
Argentina,30,6.574,1.05351,1.24823,0.78723,0.44974,0.11451,0.08484,2.836,26,6.65,1.15137,1.06612,0.69711,0.42284,0.10989,0.07296,3.12985,24,6.598999977,1.185295463,1.440451145,0.695137084,0.494519204,0.109457061,0.059739888,2.614005327,29,6.388,1.073,1.468,0.744,0.57,0.062,0.054,47,6.086,1.092,1.432,0.881,0.471,0.066,0.05,55,5.974699974,9.810955048,0.900567949,68.80380249,0.831132412,-0.194913864,0.842009842,2.072540998,57,5.929,9.962,0.898,69,0.828,-0.182,0.834,2.461,57,5.967,1.592,1.102,0.662,0.555,0.081,0.085,1.891,Latin America and Caribbean
Uruguay,32,6.485,1.06166,1.2089,0.8116,0.60362,0.2324,0.24558,2.32142,29,6.545,1.18157,1.03143,0.72183,0.54388,0.18056,0.21394,2.67139,28,6.453999996,1.217559695,1.412227869,0.719216824,0.579392254,0.175096929,0.178061873,2.172409534,31,6.379,1.093,1.459,0.771,0.625,0.13,0.155,33,6.293,1.124,1.465,0.891,0.523,0.127,0.15,26,6.440100193,9.948192596,0.92281127,69.00254822,0.892395437,-0.101103112,0.635994136,2.167276382,31,6.431,9.966,0.925,69.1,0.896,-0.092,0.59,2.6,30,6.474,1.615,1.18,0.672,0.665,0.103,0.265,1.974,Latin America and Caribbean
Colombia,33,6.477,0.91861,1.24018,0.69077,0.53466,0.18401,0.0512,2.85737,31,6.481,1.03032,1.02169,0.59659,0.44735,0.15626,0.05399,3.17471,36,6.356999874,1.070622325,1.402182937,0.595027924,0.477487415,0.149014473,0.046668742,2.616068125,37,6.26,0.96,1.439,0.635,0.531,0.099,0.039,43,6.125,0.985,1.41,0.841,0.47,0.099,0.034,44,6.163400173,9.500369072,0.884440243,67.69958496,0.836179912,-0.161235645,0.86457181,2.421656609,52,6.012,9.557,0.847,68.001,0.837,-0.135,0.841,2.794,66,5.781,1.452,0.929,0.72,0.545,0.087,0.077,1.971,Latin America and Caribbean
Thailand,34,6.455,0.9669,1.26504,0.7385,0.55664,0.5763,0.03187,2.31945,33,6.474,1.0893,1.04477,0.64915,0.49553,0.58696,0.02833,2.5796,32,6.423999786,1.127868772,1.425792456,0.647239029,0.580200732,0.57212311,0.031612735,2.039508343,46,6.072,1.016,1.417,0.707,0.637,0.364,0.029,52,6.008,1.05,1.409,0.828,0.557,0.359,0.028,54,5.998799801,9.741791725,0.889973223,67.25059509,0.905063033,0.268685192,0.886272311,1.832384109,54,5.985,9.805,0.888,67.401,0.884,0.287,0.895,2.309,61,5.891,1.535,1.096,0.697,0.617,0.321,0.026,1.6,Southeastern Asia
Saudi Arabia,35,6.411,1.39541,1.08393,0.72025,0.31048,0.13706,0.32524,2.43872,34,6.379,1.48953,0.84829,0.59267,0.37904,0.15457,0.30008,2.61482,37,6.343999863,1.530623555,1.286677599,0.59014833,0.449750572,0.147616014,0.273432255,2.065429688,33,6.371,1.379,1.331,0.633,0.509,0.098,0.127,28,6.375,1.403,1.357,0.795,0.439,0.08,0.132,27,6.406499863,10.79781246,0.874067068,66.30514526,0.854191244,-0.168695062,0.682619512,2.203118801,26,6.494,10.743,0.891,66.603,0.877,-0.149,0.684,2.668,25,6.523,1.87,1.092,0.577,0.651,0.078,0.18,2.075,Middle East and Northern Africa
Spain,36,6.329,1.23011,1.31379,0.95562,0.45951,0.18227,0.06398,2.12367,37,6.361,1.34253,1.12945,0.87896,0.37545,0.17665,0.06137,2.39663,34,6.402999878,1.384397864,1.532090902,0.8889606,0.40878123,0.190133572,0.070914097,1.92775774,36,6.31,1.251,1.538,0.965,0.449,0.142,0.074,30,6.354,1.286,1.484,1.062,0.362,0.153,0.079,28,6.400899887,10.46292686,0.921125412,74.40270996,0.751989543,-0.050961714,0.765859902,1.997088432,27,6.491,10.571,0.932,74.7,0.761,-0.081,0.745,2.513,29,6.476,1.808,1.211,0.808,0.505,0.101,0.149,1.893,Western Europe
Malta,37,6.302,1.2074,1.30203,0.88721,0.60365,0.51752,0.13586,1.6488,30,6.488,1.30782,1.09879,0.80315,0.54994,0.56237,0.17554,1.99032,27,6.52699995,1.343279839,1.488411665,0.821944237,0.588767052,0.574730575,0.153066069,1.556862831,22,6.627,1.27,1.525,0.884,0.645,0.376,0.142,22,6.726,1.3,1.52,0.999,0.564,0.375,0.151,22,6.772799969,10.53383827,0.93037951,72.19999695,0.924911439,0.214965805,0.658547282,1.952012062,23,6.602,10.674,0.931,72.2,0.927,0.133,0.653,2.268,33,6.447,1.838,1.169,0.789,0.679,0.174,0.166,1.631,Western Europe
El Salvador,42,6.13,0.76454,1.02507,0.67737,0.4035,0.10692,0.11776,3.035,46,6.068,0.8737,0.80975,0.596,0.37269,0.08877,0.10613,3.22134,45,6.002999783,0.909784496,1.182125092,0.596018553,0.43245253,0.078257985,0.08998096,2.714593887,40,6.167,0.806,1.231,0.639,0.461,0.065,0.082,35,6.253,0.794,1.242,0.789,0.43,0.093,0.074,34,6.34829998,8.909075737,0.806092262,66.10826111,0.833805263,-0.121072978,0.754319906,2.937191725,49,6.061,9.054,0.762,66.402,0.888,-0.11,0.688,3.085,49,6.12,1.265,0.768,0.607,0.666,0.089,0.212,2.514,Latin America and Caribbean
Uzbekistan,44,6.003,0.63244,1.34043,0.59772,0.65821,0.22837,0.30826,2.23741,49,5.987,0.73591,1.1681,0.50163,0.60848,0.34326,0.28333,2.34638,47,5.971000195,0.786441088,1.54896915,0.498272628,0.658248663,0.415983647,0.246528223,1.816913605,44,6.096,0.719,1.584,0.605,0.724,0.328,0.259,41,6.174,0.745,1.529,0.756,0.631,0.322,0.24,38,6.257599831,8.740371704,0.926595807,65.10757446,0.974998116,0.248427153,0.501497388,2.073346615,42,6.179,8.836,0.918,65.255,0.97,0.311,0.515,2.477,53,6.063,1.219,1.092,0.6,0.716,0.283,0.24,1.913,Central and Eastern Europe
Slovakia,45,5.995,1.16891,1.26999,0.78902,0.31751,0.16893,0.03431,2.24639,45,6.078,1.27973,1.08268,0.70367,0.23391,0.13837,0.02947,2.61065,40,6.09800005,1.325393558,1.505059242,0.712732911,0.295817465,0.136544481,0.024210852,2.097776651,39,6.173,1.21,1.537,0.776,0.354,0.118,0.014,38,6.198,1.246,1.504,0.881,0.334,0.121,0.014,37,6.280600071,10.34774971,0.922493756,68.90634155,0.749952674,-0.124409303,0.918096125,2.256422043,34,6.331,10.369,0.936,69.201,0.766,-0.124,0.911,2.714,35,6.391,1.736,1.232,0.707,0.479,0.118,0.025,2.094,Central and Eastern Europe
Japan,46,5.987,1.27074,1.25712,0.99111,0.49615,0.10705,0.1806,1.68435,53,5.921,1.38007,1.06054,0.91491,0.46761,0.10224,0.18985,1.80584,51,5.920000076,1.416915178,1.436337829,0.913475871,0.505625546,0.120572768,0.163760737,1.363223553,54,5.915,1.294,1.462,0.988,0.553,0.079,0.15,58,5.886,1.327,1.419,1.088,0.445,0.069,0.14,62,5.870800018,10.57968903,0.883545935,75.00096893,0.809961379,-0.246910349,0.654558063,1.486200333,56,5.94,10.611,0.884,75.1,0.796,-0.258,0.638,2.048,54,6.039,1.835,1.089,0.866,0.537,0.007,0.218,1.487,Eastern Asia
South Korea,47,5.984,1.24461,0.95774,0.96538,0.33208,0.18557,0.07857,2.21978,57,5.835,1.35948,0.72194,0.88645,0.25168,0.18824,0.07716,2.35015,55,5.837999821,1.401678443,1.128274441,0.900214076,0.257921666,0.206674367,0.063282669,1.880378008,57,5.875,1.266,1.204,0.955,0.244,0.175,0.051,54,5.895,1.301,1.219,1.036,0.159,0.175,0.056,61,5.872399807,10.51056671,0.799387157,73.6027298,0.612965107,-0.043404032,0.789067447,1.946757078,62,5.845,10.651,0.799,73.9,0.672,-0.083,0.727,2.262,59,5.935,1.851,0.886,0.841,0.414,0.111,0.176,1.656,Eastern Asia
Ecuador,48,5.975,0.86402,0.99903,0.79075,0.48574,0.11541,0.1809,2.53942,51,5.976,0.97306,0.85974,0.68613,0.4027,0.10074,0.18037,2.77366,44,6.007999897,1.000820398,1.286168814,0.685636222,0.455198199,0.150112465,0.140134647,2.290352583,48,5.973,0.889,1.33,0.736,0.556,0.114,0.12,50,6.028,0.912,1.312,0.868,0.498,0.126,0.087,58,5.925199986,9.246058464,0.836418986,68.50003815,0.859828949,-0.127014965,0.801215112,2.254933834,66,5.764,9.313,0.821,68.8,0.842,-0.124,0.843,2.653,76,5.533,1.352,0.879,0.708,0.565,0.08,0.083,1.866,Latin America and Caribbean
Bahrain,49,5.96,1.32376,1.21624,0.74716,0.45492,0.17362,0.306,1.73797,42,6.218,1.44024,0.94397,0.65696,0.47375,0.17147,0.25772,2.27405,41,6.086999893,1.488412261,1.323110461,0.653133035,0.536746919,0.172668487,0.25704217,1.656149387,43,6.105,1.338,1.366,0.698,0.594,0.243,0.123,37,6.199,1.362,1.368,0.871,0.536,0.255,0.11,40,6.227300167,10.67638016,0.876342118,68.5,0.905855775,0.13372919,0.7393471,1.751917362,22,6.647,10.669,0.862,69.495,0.925,0.089,0.722,2.631,21,6.647,1.854,1.029,0.625,0.693,0.199,0.155,2.092,Middle East and Northern Africa
Italy,50,5.948,1.25114,1.19777,0.95446,0.26236,0.22823,0.02901,2.02518,50,5.977,1.35495,1.04167,0.85102,0.18827,0.16684,0.02556,2.34918,48,5.964000225,1.395066619,1.444923282,0.853144348,0.256450713,0.172789648,0.028028091,1.813312054,47,6,1.264,1.501,0.946,0.281,0.137,0.028,36,6.223,1.294,1.488,1.039,0.231,0.158,0.03,30,6.38740015,10.48183632,0.889878571,73.60168457,0.66465199,-0.043460999,0.873404682,2.249505997,28,6.483,10.623,0.88,73.8,0.693,-0.084,0.866,2.794,31,6.467,1.834,1.052,0.801,0.412,0.085,0.059,2.222,Western Europe
Bolivia,51,5.89,0.68133,0.97841,0.5392,0.57414,0.20536,0.088,2.82334,59,5.822,0.79422,0.83779,0.4697,0.50961,0.21698,0.07746,2.91635,58,5.822999954,0.833756566,1.227619052,0.47363025,0.558732927,0.225560725,0.060477726,2.443279028,62,5.752,0.751,1.223,0.508,0.606,0.141,0.054,61,5.779,0.776,1.209,0.706,0.511,0.137,0.064,65,5.747499943,8.851115227,0.803108692,63.6004715,0.875873327,-0.09168113,0.822606206,2.425928593,69,5.716,9.046,0.81,63.901,0.875,-0.077,0.839,2.805,71,5.6,1.256,0.88,0.555,0.627,0.112,0.064,2.107,Latin America and Caribbean
Moldova,52,5.889,0.59448,1.01528,0.61826,0.32818,0.20951,0.01615,3.10712,55,5.897,0.69177,0.83132,0.52309,0.25202,0.19997,0.01903,3.38007,56,5.837999821,0.72887063,1.251825571,0.589465201,0.240729049,0.208779126,0.010091286,2.807808399,67,5.64,0.657,1.301,0.62,0.232,0.171,0,71,5.529,0.685,1.328,0.739,0.245,0.181,0,70,5.607500076,8.776714325,0.843313575,65.01301575,0.721609175,-0.037741039,0.913314283,2.370968342,65,5.766,9.454,0.857,65.699,0.822,-0.079,0.918,2.665,62,5.857,1.417,1.008,0.597,0.561,0.102,0.028,2.142,Central and Eastern Europe
Paraguay,53,5.878,0.75985,1.30477,0.66098,0.53899,0.3424,0.08242,2.18896,70,5.538,0.89373,1.11111,0.58295,0.46235,0.25296,0.07396,2.16091,70,5.493000031,0.932537317,1.50728488,0.579250693,0.473507792,0.224150658,0.091065913,1.68533349,64,5.681,0.835,1.522,0.615,0.541,0.162,0.074,63,5.743,0.855,1.475,0.777,0.514,0.184,0.08,67,5.692100048,9.389982224,0.898727894,65.63993835,0.885923445,0.007997713,0.834788501,1.83412528,71,5.653,9.448,0.893,65.9,0.876,0.028,0.882,2.306,73,5.578,1.409,1.13,0.624,0.629,0.171,0.059,1.555,Latin America and Caribbean
Kazakhstan,54,5.855,1.12254,1.12241,0.64368,0.51649,0.11827,0.08454,2.24729,54,5.919,1.22943,0.95544,0.57386,0.4052,0.15011,0.11132,2.49325,60,5.818999767,1.28455627,1.384369016,0.606041551,0.437454283,0.201964423,0.119282886,1.784892559,60,5.79,1.143,1.516,0.631,0.454,0.148,0.121,60,5.809,1.173,1.508,0.729,0.41,0.146,0.096,50,6.057899952,10.11465836,0.934744895,64.60996246,0.811601937,-0.068488635,0.764490843,2.021602631,45,6.152,10.155,0.952,65.2,0.853,-0.069,0.733,2.446,40,6.234,1.668,1.22,0.611,0.584,0.134,0.157,1.86,Central and Eastern Europe
Slovenia,55,5.848,1.18498,1.27385,0.87337,0.60855,0.25328,0.03787,1.61583,63,5.768,1.29947,1.05613,0.79151,0.53164,0.25738,0.03635,1.79522,62,5.757999897,1.341205955,1.452518821,0.790828228,0.572575808,0.242649093,0.045128979,1.313317299,51,5.948,1.219,1.506,0.856,0.633,0.16,0.051,44,6.118,1.258,1.523,0.953,0.564,0.144,0.057,33,6.363399982,10.39232254,0.939575672,71.1029892,0.936142623,-0.080603383,0.817071021,1.888586521,29,6.461,10.529,0.948,71.4,0.949,-0.101,0.806,2.388,22,6.63,1.81,1.249,0.769,0.685,0.118,0.115,1.885,Central and Eastern Europe
Lithuania,56,5.833,1.14723,1.25745,0.73128,0.21342,0.02641,0.01031,2.44649,60,5.813,1.2692,1.06411,0.64674,0.18929,0.02025,0.0182,2.60525,52,5.90199995,1.314582348,1.473516107,0.62894994,0.234231785,0.010164657,0.011865643,2.228440523,50,5.952,1.197,1.527,0.716,0.35,0.026,0.006,42,6.149,1.238,1.515,0.818,0.291,0.043,0.042,41,6.215499878,10.34362602,0.926107109,67.29407501,0.747381449,-0.219725296,0.809583843,2.238146067,38,6.255,10.499,0.935,67.906,0.773,-0.203,0.826,2.624,34,6.446,1.804,1.204,0.659,0.496,0.053,0.077,2.153,Central and Eastern Europe
Nicaragua,57,5.828,0.59325,1.14184,0.74314,0.55475,0.27815,0.19317,2.32407,48,5.992,0.69384,0.89521,0.65213,0.46582,0.29773,0.16292,2.82428,43,6.071000099,0.737299204,1.28721571,0.653095961,0.447551847,0.301674217,0.130687982,2.513930559,41,6.141,0.668,1.319,0.7,0.527,0.208,0.128,45,6.105,0.694,1.325,0.835,0.435,0.2,0.127,46,6.13710022,8.493160248,0.857497036,67.50717926,0.863902867,0.020959141,0.665950119,2.496081114,55,5.972,8.62,0.864,67.657,0.836,0.02,0.664,2.841,45,6.165,1.105,1.029,0.617,0.617,0.168,0.212,2.418,Latin America and Caribbean
Peru,58,5.824,0.90019,0.97459,0.73017,0.41496,0.14982,0.05989,2.5945,64,5.743,0.99602,0.81255,0.62994,0.37502,0.14527,0.05292,2.73117,63,5.715000153,1.035225272,1.218770385,0.630166113,0.450002879,0.126819715,0.047049087,2.20726943,65,5.663,0.934,1.249,0.674,0.53,0.092,0.034,65,5.697,0.96,1.274,0.854,0.455,0.083,0.027,63,5.796800137,9.456313133,0.831075251,68.10023499,0.824766099,-0.16238822,0.893714964,2.213499546,63,5.84,9.458,0.832,68.25,0.822,-0.154,0.891,2.744,74,5.559,1.397,0.865,0.735,0.545,0.09,0.037,1.89,Latin America and Caribbean
Poland,60,5.791,1.12555,1.27948,0.77903,0.53122,0.16759,0.04212,1.86565,57,5.835,1.24585,1.04685,0.69058,0.4519,0.14443,0.055,2.20035,46,5.97300005,1.291787863,1.44571197,0.699475348,0.520342112,0.158465967,0.059307806,1.797722816,42,6.123,1.176,1.448,0.781,0.546,0.108,0.064,40,6.182,1.206,1.438,0.884,0.483,0.117,0.05,43,6.186299801,10.26512432,0.874257445,69.31113434,0.862055779,-0.205084071,0.686927021,2.056797981,44,6.166,10.382,0.898,69.702,0.841,-0.165,0.735,2.438,48,6.123,1.758,1.174,0.712,0.523,0.124,0.14,1.693,Central and Eastern Europe
Malaysia,61,5.77,1.12486,1.07023,0.72394,0.53024,0.33075,0.10501,1.88541,47,6.005,1.25142,0.88025,0.62366,0.39031,0.41474,0.09081,2.35384,42,6.084000111,1.29121542,1.284646034,0.618784428,0.402264982,0.41660893,0.065600708,2.004448891,35,6.322,1.161,1.258,0.669,0.356,0.311,0.059,80,5.339,1.221,1.171,0.828,0.508,0.26,0.024,82,5.384300232,10.26251888,0.816509426,67.10215759,0.894626856,0.114726797,0.839302301,1.319420815,81,5.384,10.238,0.817,67.102,0.895,0.125,0.839,1.784,70,5.711,1.689,0.938,0.62,0.654,0.213,0.126,1.471,Southeastern Asia
Croatia,62,5.759,1.08254,0.79624,0.78805,0.25883,0.05444,0.0243,2.75414,74,5.488,1.18649,0.60809,0.70524,0.23907,0.18434,0.04002,2.52462,77,5.293000221,1.222556233,0.967983007,0.701288521,0.255772293,0.248002976,0.04310311,1.854492426,82,5.321,1.115,1.161,0.737,0.38,0.12,0.039,75,5.432,1.155,1.266,0.914,0.296,0.119,0.022,79,5.504700184,10.07087517,0.874623716,70.21490479,0.714838803,-0.128538325,0.916495264,1.676029205,60,5.882,10.217,0.924,70.799,0.754,-0.118,0.939,2.325,47,6.125,1.705,1.183,0.709,0.535,0.109,0,1.884,Central and Eastern Europe
Russia,64,5.716,1.13764,1.23617,0.66926,0.36679,0.00199,0.03005,2.27394,56,5.856,1.23228,1.05261,0.58991,0.32682,0.02736,0.03586,2.59115,49,5.962999821,1.281778097,1.469282389,0.547349334,0.373783112,0.052263822,0.032962881,2.205607414,59,5.81,1.151,1.479,0.599,0.399,0.065,0.025,68,5.648,1.183,1.452,0.726,0.334,0.082,0.031,73,5.546000004,10.12887192,0.903150737,64.10045624,0.729892612,-0.151153743,0.864802599,1.815716743,76,5.477,10.189,0.903,64.703,0.718,-0.111,0.845,2.148,80,5.459,1.685,1.095,0.586,0.401,0.117,0.08,1.494,Central and Eastern Europe
Jamaica,65,5.709,0.81038,1.15102,0.68741,0.50442,0.2123,0.02299,2.32038,73,5.51,0.89333,0.96372,0.59469,0.43597,0.22245,0.04294,2.35682,76,5.31099987,0.925579309,1.368218064,0.641022384,0.474307239,0.233818337,0.055267781,1.612325668,56,5.89,0.819,1.493,0.693,0.575,0.096,0.031,56,5.89,0.831,1.478,0.831,0.49,0.107,0.028,60,5.889800072,9.006250381,0.915701866,67.09999847,0.858068526,-0.125106767,0.888890028,2.214436531,37,6.309,9.186,0.877,67.5,0.89,-0.137,0.884,3.135,63,5.85,1.296,1.045,0.646,0.567,0.08,0.053,2.164,Latin America and Caribbean
Cyprus,67,5.689,1.20813,0.89318,0.92356,0.40672,0.30638,0.06146,1.88931,69,5.546,1.31857,0.70697,0.8488,0.29507,0.27906,0.05228,2.04497,65,5.620999813,1.355938077,1.131363273,0.844714701,0.355111539,0.271254301,0.041237976,1.621249199,61,5.762,1.229,1.191,0.909,0.423,0.202,0.035,49,6.046,1.263,1.223,1.042,0.406,0.19,0.041,45,6.15899992,10.40570259,0.805996239,73.70222473,0.779858291,0.043731496,0.856271744,2.032334805,39,6.223,10.576,0.802,73.898,0.763,-0.015,0.844,2.578,41,6.221,1.815,0.909,0.819,0.448,0.123,0.062,2.044,Western Europe
Algeria,68,5.605,0.93929,1.07772,0.61766,0.28579,0.07822,0.17383,2.43209,38,6.355,1.05266,0.83309,0.61804,0.21006,0.07044,0.16157,3.40904,53,5.872000217,1.091864467,1.146217465,0.617584646,0.233335808,0.069436647,0.14609611,2.567603827,84,5.295,0.979,1.154,0.687,0.077,0.055,0.135,88,5.211,1.002,1.16,0.785,0.086,0.073,0.114,100,5.005099773,9.537964821,0.803385139,65.90517426,0.466610909,-0.121105164,0.735485137,1.840811729,109,4.887,9.342,0.802,66.005,0.48,-0.067,0.752,2.242,96,5.122,1.363,0.97,0.643,0.146,0.106,0.15,1.744,Middle East and Northern Africa
Kosovo,69,5.589,0.80148,0.81198,0.63132,0.24749,0.2831,0.04741,2.76579,77,5.401,0.90145,0.66062,0.54,0.14396,0.27992,0.06547,2.80998,78,5.278999805,0.951484382,1.137853503,0.54145205,0.260287941,0.319931448,0.057471618,2.010540724,66,5.662,0.855,1.23,0.578,0.448,0.274,0.023,46,6.1,0.882,1.232,0.758,0.489,0.262,0.006,35,6.325200081,9.204429626,0.820726514,63.88555527,0.861535907,0.190933764,0.922328293,2.736902714,33,6.372,9.318,0.821,63.813,0.869,0.257,0.917,3.182,32,6.455,1.362,0.949,0.569,0.599,0.309,0.035,2.631,Central and Eastern Europe
Mauritius,71,5.477,1.00761,0.98521,0.7095,0.56066,0.37744,0.07521,1.76145,66,5.648,1.14372,0.75695,0.66189,0.46145,0.36951,0.05203,2.20223,64,5.629000187,1.189395547,1.20956099,0.638007462,0.491247326,0.360933751,0.042181555,1.697583914,55,5.891,1.09,1.387,0.684,0.584,0.245,0.05,57,5.888,1.12,1.402,0.798,0.498,0.215,0.06,49,6.101299763,9.956786156,0.910357833,66.40434265,0.889534533,-0.018318573,0.805343091,2.006720543,50,6.049,10.008,0.905,66.701,0.867,-0.054,0.789,2.462,52,6.071,1.591,1.116,0.568,0.589,0.131,0.107,1.969,Sub-Saharan Africa
Estonia,73,5.429,1.15174,1.22791,0.77361,0.44888,0.0868,0.15184,1.58782,72,5.517,1.27964,1.05163,0.68098,0.41511,0.08423,0.18519,1.81985,66,5.611000061,1.32087934,1.4766711,0.695168316,0.47913143,0.098890811,0.183248922,1.357508659,63,5.739,1.2,1.532,0.737,0.553,0.086,0.174,55,5.893,1.237,1.528,0.874,0.495,0.103,0.161,51,6.021800041,10.34001732,0.934729993,68.60495758,0.87770915,-0.111697771,0.623073816,1.629928112,40,6.189,10.481,0.941,68.8,0.909,-0.106,0.527,2.103,36,6.341,1.793,1.232,0.728,0.689,0.123,0.333,1.442,Central and Eastern Europe
Indonesia,74,5.399,0.82827,1.08708,0.63793,0.46611,0.51535,0,1.86399,79,5.314,0.95104,0.87625,0.49374,0.39237,0.56521,0.00322,2.03171,81,5.262000084,0.995538592,1.274444699,0.492345721,0.443323463,0.611704588,0.015317135,1.429476976,96,5.093,0.899,1.215,0.522,0.538,0.484,0.018,92,5.192,0.931,1.203,0.66,0.491,0.498,0.028,84,5.285600185,9.36975193,0.808379889,62.15584946,0.870614409,0.519586504,0.876296401,1.479573488,82,5.345,9.365,0.811,62.236,0.873,0.542,0.867,1.987,87,5.24,1.382,0.883,0.539,0.62,0.468,0.047,1.3,Southeastern Asia
Vietnam,75,5.36,0.63216,0.91226,0.74676,0.59444,0.1686,0.10441,2.20173,96,5.061,0.74037,0.79117,0.66157,0.55954,0.25075,0.11556,1.9418,94,5.073999882,0.788547575,1.277491331,0.652168989,0.571055591,0.234968051,0.087633237,1.462318659,95,5.103,0.715,1.365,0.702,0.618,0.177,0.079,94,5.175,0.741,1.346,0.851,0.543,0.147,0.073,83,5.353499889,8.809545517,0.849987149,67.9527359,0.939592957,-0.094533332,0.79642123,1.685977936,79,5.411,8.973,0.85,68.034,0.94,-0.098,0.796,2.211,77,5.485,1.252,0.932,0.611,0.707,0.143,0.105,1.735,Southeastern Asia
Turkey,76,5.332,1.06098,0.94632,0.73172,0.22815,0.12253,0.15746,2.08528,78,5.389,1.16492,0.87717,0.64718,0.23889,0.04707,0.12348,2.29074,69,5.5,1.198274374,1.337753177,0.637605608,0.3007406,0.046693042,0.09967158,1.879277945,74,5.483,1.148,1.38,0.686,0.324,0.106,0.109,79,5.373,1.183,1.36,0.808,0.195,0.083,0.106,93,5.131800175,10.12941933,0.826313555,66.90281677,0.608830452,-0.171046436,0.748197377,1.564816713,104,4.948,10.24,0.822,67.199,0.576,-0.139,0.776,1.852,112,4.744,1.707,0.865,0.702,0.209,0.087,0.115,1.059,Middle East and Northern Africa
Kyrgyzstan,77,5.286,0.47428,1.15115,0.65088,0.43477,0.3003,0.04232,2.2327,85,5.185,0.56044,0.95434,0.55449,0.40212,0.38432,0.04762,2.28136,98,5.004000187,0.596220076,1.394238591,0.553457797,0.454943389,0.428580374,0.039439179,1.536723137,92,5.131,0.53,1.416,0.594,0.54,0.281,0.035,86,5.261,0.551,1.438,0.723,0.508,0.3,0.023,74,5.541500092,8.148405075,0.887228489,64.10601044,0.909374893,0.154772058,0.888396084,2.060206652,67,5.744,8.538,0.893,64.401,0.935,0.119,0.908,2.648,64,5.828,1.069,1.109,0.638,0.693,0.208,0.025,2.087,Central and Eastern Europe
Nigeria,78,5.268,0.65435,0.90432,0.16007,0.34334,0.27233,0.0403,2.89319,103,4.875,0.75216,0.64498,0.05108,0.27854,0.23219,0.0305,2.88586,95,5.073999882,0.783756256,1.215770483,0.05691573,0.394952565,0.230947196,0.026121566,2.365390539,91,5.155,0.689,1.172,0.048,0.462,0.201,0.032,85,5.265,0.696,1.111,0.245,0.426,0.215,0.041,115,4.724100113,8.57662487,0.73721689,49.86190796,0.759578407,0.033745807,0.861874342,2.219635487,116,4.759,8.533,0.74,50.102,0.737,0.037,0.878,2.736,118,4.552,1.079,0.732,0.3,0.444,0.175,0.038,1.784,Sub-Saharan Africa
Pakistan,81,5.194,0.59543,0.41411,0.51466,0.12102,0.33671,0.10464,3.10709,92,5.132,0.68816,0.26135,0.40306,0.14622,0.31185,0.1388,3.18286,80,5.269000053,0.726883531,0.67269069,0.402047783,0.235215262,0.315446019,0.124348067,2.79248929,75,5.472,0.652,0.81,0.424,0.334,0.216,0.113,67,5.653,0.677,0.886,0.535,0.313,0.22,0.098,66,5.69329977,8.482727051,0.689062297,58.25313568,0.734833717,0.04489987,0.745705426,2.976876736,105,4.934,8.458,0.651,58.709,0.726,0.098,0.787,2.784,121,4.516,1.049,0.413,0.374,0.448,0.181,0.112,1.94,Southern Asia
Jordan,82,5.192,0.90198,1.05392,0.69639,0.40661,0.11053,0.14293,1.87996,80,5.303,0.99673,0.86216,0.60712,0.36023,0.14262,0.13297,2.20142,74,5.335999966,0.991012394,1.239088893,0.604590058,0.418421149,0.17217046,0.119803272,1.791176558,90,5.161,0.822,1.265,0.645,0.468,0.13,0.134,101,4.906,0.837,1.225,0.815,0.383,0.11,0.13,119,4.633399963,9.025999069,0.80216372,66.79975128,0.75104779,-0.162565202,0.700344324,1.262258053,127,4.395,9.182,0.767,67,0.755,-0.167,0.705,1.553,134,4.152,1.324,0.724,0.675,0.476,0.058,0.2,0.695,Middle East and Northern Africa
Montenegro,82,5.192,0.97438,0.90557,0.72521,0.1826,0.1614,0.14296,2.10017,88,5.161,1.07838,0.74173,0.63533,0.15111,0.17191,0.12721,2.25531,83,5.236999989,1.121129036,1.238376498,0.667464674,0.194989055,0.197911024,0.088174194,1.729191542,81,5.347,1.017,1.279,0.729,0.259,0.111,0.081,73,5.523,1.051,1.361,0.871,0.197,0.142,0.08,72,5.54610014,9.751860619,0.855314612,68.50534821,0.649565637,-0.075600356,0.783121586,1.880565882,72,5.581,9.94,0.858,68.699,0.708,-0.034,0.812,2.254,75,5.547,1.573,1.023,0.659,0.46,0.135,0.077,1.619,Central and Eastern Europe
China,84,5.14,0.89012,0.94675,0.81658,0.51697,0.08185,0.02781,1.8604,83,5.245,1.0278,0.79381,0.73561,0.44012,0.04959,0.02745,2.17087,79,5.272999763,1.081165791,1.160837412,0.741415501,0.472787708,0.028806841,0.022794275,1.764938593,86,5.246,0.989,1.142,0.799,0.597,0.029,0.103,93,5.191,1.029,1.125,0.893,0.521,0.058,0.1,94,5.123899937,9.688568115,0.798760593,69.2891922,0.898517907,-0.18142575,0.7539711,1.336181879,84,5.339,9.673,0.811,69.593,0.904,-0.146,0.755,1.982,72,5.585,1.508,0.958,0.705,0.656,0.099,0.142,1.516,Eastern Asia
Zambia,85,5.129,0.47038,0.91612,0.29924,0.48827,0.19591,0.12468,2.6343,106,4.795,0.61202,0.6376,0.23573,0.42662,0.17866,0.11479,2.58991,116,4.513999939,0.636406779,1.003187299,0.257835895,0.461603492,0.249580145,0.07821355,1.826705456,125,4.377,0.562,1.047,0.295,0.503,0.221,0.082,138,4.107,0.578,1.058,0.426,0.431,0.247,0.087,141,3.759399891,8.224720001,0.698824465,55.29937744,0.806500256,0.078037128,0.801289678,1.134339333,137,4.073,8.145,0.708,55.809,0.782,0.061,0.823,1.975,137,3.76,0.93,0.577,0.306,0.525,0.203,0.083,1.135,Sub-Saharan Africa
Romania,86,5.124,1.04345,0.88588,0.7689,0.35068,0.13748,0.00649,1.93129,71,5.528,1.1697,0.72803,0.67602,0.36712,0.12889,0.00679,2.45184,57,5.824999809,1.217683911,1.15009129,0.685158312,0.457003742,0.133519918,0.004387901,2.176831484,52,5.945,1.116,1.219,0.726,0.528,0.088,0.001,48,6.07,1.162,1.232,0.825,0.462,0.083,0.005,47,6.123700142,10.107584,0.825161517,67.20723724,0.842823207,-0.19781521,0.934300244,2.412749767,46,6.14,10.284,0.832,67.355,0.845,-0.219,0.938,2.83,28,6.477,1.719,1.006,0.655,0.605,0.039,0.006,2.446,Central and Eastern Europe
Serbia,87,5.123,0.92053,1.00964,0.74836,0.20107,0.19231,0.02617,2.025,86,5.177,1.03437,0.81329,0.6458,0.15718,0.20737,0.04339,2.27539,73,5.394999981,1.069317579,1.258189797,0.650784671,0.208715528,0.220125884,0.040903781,1.947084427,78,5.398,0.975,1.369,0.685,0.288,0.134,0.043,70,5.603,1.004,1.383,0.854,0.282,0.137,0.039,64,5.77820015,9.680980682,0.881475747,68.21020508,0.726495862,-0.073676221,0.843509018,2.029040098,48,6.078,9.787,0.873,68.6,0.778,0.002,0.835,2.682,43,6.178,1.55,1.086,0.658,0.546,0.219,0.088,2.031,Central and Eastern Europe
Portugal,88,5.102,1.15991,1.13935,0.87519,0.51469,0.13719,0.01078,1.26462,94,5.123,1.27607,0.94367,0.79363,0.44727,0.11691,0.01521,1.53015,89,5.195000172,1.315175295,1.367043018,0.795843542,0.4984653,0.095102713,0.015869452,1.107682705,77,5.41,1.188,1.429,0.884,0.562,0.055,0.017,66,5.693,1.221,1.431,0.999,0.508,0.047,0.025,59,5.910900116,10.26374245,0.886590719,72.40202332,0.888747811,-0.220714301,0.892629504,1.752558708,58,5.929,10.421,0.879,72.6,0.892,-0.244,0.887,2.225,56,6.016,1.76,1.078,0.777,0.655,0.016,0.039,1.691,Western Europe
Latvia,89,5.098,1.11312,1.09562,0.72437,0.29671,0.18226,0.06332,1.62215,68,5.56,1.21788,0.95025,0.63952,0.27996,0.17445,0.0889,2.20859,54,5.849999905,1.260748625,1.404714942,0.638566971,0.325707912,0.153074786,0.073842727,1.993655205,53,5.933,1.148,1.454,0.671,0.363,0.092,0.066,53,5.94,1.187,1.465,0.812,0.264,0.075,0.064,57,5.949999809,10.17531967,0.918288589,66.8074646,0.671237648,-0.186888844,0.795580089,2.121283054,51,6.032,10.315,0.927,67.1,0.715,-0.162,0.8,2.536,42,6.18,1.732,1.221,0.637,0.502,0.075,0.09,1.923,Central and Eastern Europe
Philippines,90,5.073,0.70532,1.03516,0.58114,0.62545,0.24991,0.12279,1.7536,82,5.279,0.81217,0.87877,0.47036,0.54854,0.21674,0.11757,2.23484,72,5.429999828,0.857699215,1.253917575,0.468009055,0.585214674,0.193513423,0.099331893,1.972604752,71,5.524,0.775,1.312,0.513,0.643,0.12,0.105,69,5.631,0.807,1.293,0.657,0.558,0.117,0.107,52,6.006000042,8.993545532,0.846730053,61.92676163,0.915463448,-0.105463006,0.733634114,2.501741886,61,5.88,9.076,0.83,62,0.917,-0.097,0.742,2.872,60,5.904,1.268,0.912,0.514,0.678,0.107,0.142,2.283,Southeastern Asia
Morocco,92,5.013,0.73479,0.64095,0.60954,0.41691,0.07172,0.08546,2.45373,90,5.151,0.84058,0.38595,0.59471,0.25646,0.04053,0.08404,2.94891,84,5.235000134,0.878114581,0.774864435,0.597710669,0.408158332,0.032209955,0.087763183,2.456189394,85,5.254,0.779,0.797,0.669,0.46,0.026,0.074,89,5.208,0.801,0.782,0.782,0.418,0.036,0.076,97,5.094799995,8.940313339,0.592628479,65.89624023,0.772072434,-0.240377247,0.815724611,2.378402472,106,4.918,8.903,0.56,66.208,0.774,-0.236,0.801,2.749,100,5.06,1.208,0.268,0.565,0.492,0.02,0.102,2.405,Middle East and Northern Africa
Albania,95,4.959,0.87867,0.80434,0.81325,0.35733,0.14272,0.06413,1.89894,109,4.655,0.9553,0.50163,0.73007,0.31866,0.1684,0.05301,1.92816,109,4.644000053,0.996192753,0.803685248,0.731159747,0.381498635,0.201312944,0.039864216,1.490441561,112,4.586,0.916,0.817,0.79,0.419,0.149,0.032,107,4.719,0.947,0.848,0.874,0.383,0.178,0.027,105,4.882699966,9.417930603,0.671070457,68.70813751,0.781994224,-0.042309489,0.896303713,1.640897036,93,5.117,9.52,0.697,68.999,0.785,-0.03,0.901,2.25,90,5.199,1.439,0.646,0.719,0.511,0.138,0.028,1.718,Central and Eastern Europe
Bosnia and Herzegovina,96,4.949,0.83223,0.91916,0.79081,0.09245,0.24808,0.00227,2.06367,87,5.163,0.93383,0.64367,0.70766,0.09511,0.29889,0,2.48406,90,5.18200016,0.982409418,1.069335938,0.705186307,0.204403177,0.328867495,0,1.892172575,93,5.129,0.915,1.078,0.758,0.28,0.216,0,78,5.386,0.945,1.212,0.845,0.212,0.263,0.006,69,5.674099922,9.455817223,0.829204142,67.80813599,0.651352704,0.098274559,0.933769107,2.16724205,64,5.813,9.59,0.87,68.098,0.706,0.113,0.931,2.583,67,5.768,1.468,1.068,0.665,0.448,0.244,0.006,1.869,Central and Eastern Europe
Dominican Republic,98,4.885,0.89537,1.17202,0.66825,0.57672,0.21684,0.14234,1.21305,89,5.155,1.02787,0.99496,0.57669,0.52259,0.21286,0.12372,1.69626,86,5.230000019,1.079373837,1.402416706,0.574873745,0.552589834,0.18696785,0.113945253,1.31946516,83,5.302,0.982,1.441,0.614,0.578,0.12,0.106,77,5.425,1.015,1.401,0.779,0.497,0.113,0.101,68,5.689199924,9.664880753,0.882085383,65.80748749,0.866202772,-0.131263286,0.755999923,1.844246864,73,5.545,9.802,0.853,66.102,0.86,-0.133,0.714,2.178,69,5.737,1.538,1.003,0.577,0.606,0.084,0.179,1.751,Latin America and Caribbean
Mongolia,100,4.874,0.82819,1.3006,0.60268,0.43626,0.3323,0.02666,1.34759,101,4.907,0.98853,1.08983,0.55469,0.35972,0.34539,0.03285,1.53586,100,4.954999924,1.027235866,1.493011236,0.557783484,0.394143969,0.33846423,0.032902289,1.111292362,94,5.125,0.914,1.517,0.575,0.395,0.253,0.032,83,5.285,0.948,1.531,0.667,0.317,0.235,0.038,81,5.456200123,9.412186623,0.937142491,62.30448532,0.693351328,0.098093867,0.863511205,1.810527563,70,5.677,9.4,0.935,62.5,0.708,0.116,0.856,2.492,68,5.761,1.393,1.197,0.467,0.398,0.247,0.059,1.999,Eastern Asia
Greece,102,4.857,1.15406,0.92933,0.88213,0.07699,0,0.01397,1.80101,99,5.033,1.24886,0.75473,0.80029,0.05822,0,0.04127,2.12944,87,5.227000237,1.289487481,1.239414573,0.810198903,0.095731251,0,0.043289777,1.749221563,79,5.358,1.154,1.202,0.879,0.131,0,0.044,82,5.287,1.181,1.156,0.999,0.067,0,0.034,77,5.514999866,10.13232613,0.814380348,72.40525818,0.541345119,-0.300907373,0.859931409,2.016179085,68,5.723,10.279,0.823,72.6,0.582,-0.288,0.823,2.561,58,5.948,1.703,0.98,0.774,0.249,0.015,0.108,2.119,Western Europe
Lebanon,103,4.839,1.02564,0.80001,0.83947,0.33916,0.21854,0.04582,1.57059,93,5.129,1.12268,0.64184,0.76171,0.26228,0.23693,0.03061,2.07339,88,5.224999905,1.074987531,1.129624248,0.735081077,0.288515985,0.264450759,0.03751383,1.695073843,80,5.358,0.965,1.179,0.785,0.503,0.214,0.136,91,5.197,0.987,1.224,0.815,0.216,0.166,0.027,111,4.771500111,9.3617239,0.824338138,67.10658264,0.551357508,-0.06121527,0.90225625,1.53554225,123,4.584,9.626,0.848,67.355,0.525,-0.073,0.898,1.736,145,2.955,1.392,0.498,0.631,0.103,0.082,0.034,0.216,Middle East and Northern Africa
Hungary,104,4.8,1.12094,1.20215,0.75905,0.32112,0.128,0.02758,1.24074,91,5.145,1.24142,0.93164,0.67608,0.1977,0.099,0.04472,1.95473,75,5.323999882,1.286011934,1.343133092,0.687763453,0.175863519,0.078401662,0.036636937,1.716459274,69,5.62,1.171,1.401,0.732,0.259,0.061,0.022,62,5.758,1.201,1.41,0.828,0.199,0.081,0.02,53,6.000400066,10.24924374,0.921934128,67.60997009,0.718964577,-0.194323018,0.892916501,2.121845722,53,5.992,10.358,0.943,68,0.755,-0.186,0.876,2.432,51,6.086,1.748,1.233,0.668,0.485,0.078,0.064,1.812,Central and Eastern Europe
Honduras,105,4.788,0.59532,0.95348,0.6951,0.40148,0.23027,0.06825,1.84408,104,4.871,0.69429,0.75596,0.58383,0.26755,0.2044,0.06906,2.29551,91,5.181000233,0.730573118,1.143944979,0.58256948,0.34807986,0.236188874,0.073345453,2.065811157,72,5.504,0.62,1.205,0.622,0.459,0.197,0.074,59,5.86,0.642,1.236,0.828,0.507,0.246,0.078,56,5.953199863,8.424534798,0.821870148,67.19876862,0.870603263,0.086969115,0.801131904,2.464295387,59,5.919,8.648,0.812,67.3,0.857,0.081,0.809,2.934,55,6.022,1.111,0.885,0.555,0.582,0.202,0.076,2.611,Latin America and Caribbean
Tajikistan,106,4.786,0.39047,0.85563,0.57379,0.47216,0.22974,0.15072,2.11399,100,4.996,0.48835,0.75602,0.53119,0.43408,0.25998,0.13509,2.39106,96,5.040999889,0.524713635,1.271463275,0.529235125,0.471566707,0.248997644,0.146377146,1.84904933,88,5.199,0.474,1.166,0.598,0.292,0.187,0.034,74,5.467,0.493,1.098,0.718,0.389,0.23,0.144,71,5.555699825,8.024810791,0.835297108,64.10459137,0.831383407,-0.025088511,0.592076063,2.25650835,78,5.466,8.091,0.86,64.281,0.832,-0.056,0.553,2.619,83,5.377,0.966,1.005,0.518,0.572,0.118,0.304,1.895,Central and Eastern Europe
Tunisia,107,4.739,0.88113,0.60429,0.73793,0.26268,0.06431,0.06358,2.12466,98,5.045,0.97724,0.43165,0.59577,0.23553,0.03936,0.0817,2.68413,102,4.804999828,1.007265806,0.86835146,0.613212049,0.28968069,0.049693357,0.086723149,1.89025116,111,4.592,0.9,0.906,0.69,0.271,0.04,0.063,124,4.461,0.921,1,0.815,0.167,0.059,0.055,128,4.392199993,9.314972878,0.688718557,66.89785767,0.593361557,-0.216413811,0.867590249,1.528496742,122,4.596,9.266,0.691,67.201,0.656,-0.201,0.87,2.138,120,4.516,1.35,0.596,0.656,0.316,0.029,0.029,1.54,Middle East and Northern Africa
Bangladesh,109,4.694,0.39753,0.43106,0.60164,0.4082,0.21222,0.12569,2.51767,110,4.643,0.54177,0.24749,0.52989,0.39778,0.19132,0.12583,2.60904,110,4.607999802,0.586682975,0.735131741,0.533241034,0.478356659,0.172255352,0.123717859,1.978736162,115,4.5,0.532,0.85,0.579,0.58,0.153,0.144,125,4.456,0.562,0.928,0.723,0.527,0.166,0.143,107,4.832799911,8.287063599,0.687292993,64.50306702,0.90062499,-0.033664726,0.661843538,1.755261898,101,5.025,8.454,0.693,64.8,0.877,-0.041,0.682,2.427,94,5.155,1.06,0.614,0.581,0.622,0.125,0.187,1.967,Southern Asia
Iran,110,4.686,1.0088,0.54447,0.69805,0.30033,0.38086,0.05863,1.6944,105,4.813,1.11758,0.38857,0.64232,0.22544,0.38538,0.0557,1.99817,108,4.691999912,1.156873107,0.711551249,0.639333189,0.249322608,0.387242913,0.048761073,1.498734951,106,4.707,1.059,0.771,0.691,0.459,0.282,0.129,117,4.548,1.1,0.842,0.785,0.305,0.27,0.125,118,4.672399998,9.813719749,0.694689691,66.00614929,0.647873282,0.117891103,0.714635968,1.286969423,118,4.721,9.584,0.71,66.3,0.608,0.218,0.714,1.823,110,4.888,1.41,0.741,0.642,0.281,0.241,0.146,1.427,Middle East and Northern Africa
Ukraine,111,4.681,0.79907,1.20278,0.6739,0.25123,0.15275,0.02961,1.5714,123,4.324,0.87287,1.01413,0.58628,0.12859,0.20363,0.01829,1.50066,132,4.096000195,0.894651949,1.394537568,0.575903952,0.122974776,0.270061463,0.023029471,0.814382315,138,4.103,0.793,1.413,0.609,0.163,0.187,0.011,133,4.332,0.82,1.39,0.739,0.178,0.187,0.01,123,4.56069994,9.010690689,0.878879368,64.60678101,0.663081884,-0.030933706,0.920636714,1.252669334,110,4.875,9.436,0.888,64.902,0.724,-0.011,0.924,1.813,98,5.084,1.411,1.081,0.583,0.473,0.188,0.017,1.331,Central and Eastern Europe
Iraq,112,4.677,0.98549,0.81889,0.60237,0,0.17922,0.13788,1.95335,112,4.575,1.07474,0.59205,0.51076,0.24856,0.19589,0.13636,1.81657,117,4.497000217,1.102710485,0.978613198,0.50118047,0.288555533,0.199637264,0.107215755,1.318907261,117,4.456,1.01,0.971,0.536,0.304,0.148,0.095,126,4.437,1.043,0.98,0.574,0.241,0.148,0.089,110,4.784800053,9.661095619,0.747694969,59.90354919,0.633182645,-0.06956476,0.82226181,1.752173662,111,4.854,9.24,0.746,60.583,0.63,-0.053,0.875,2.429,107,4.941,1.289,0.682,0.554,0.328,0.147,0.046,1.894,Middle East and Northern Africa
South Africa,113,4.642,0.92049,1.18468,0.27688,0.33207,0.11973,0.08884,1.71956,116,4.459,1.02416,0.96053,0.18611,0.42483,0.13656,0.08415,1.64227,101,4.828999996,1.054698706,1.384788632,0.18708007,0.479246736,0.13936238,0.072509497,1.510908604,105,4.724,0.94,1.41,0.33,0.516,0.103,0.056,106,4.722,0.96,1.351,0.469,0.389,0.13,0.055,109,4.814099789,9.403370857,0.852532268,56.50601196,0.759330094,-0.109777324,0.843423843,1.625117302,103,4.956,9.403,0.86,56.904,0.749,-0.067,0.86,2.187,91,5.194,1.425,1.088,0.361,0.442,0.089,0.046,1.742,Sub-Saharan Africa
Ghana,114,4.633,0.54558,0.67954,0.40132,0.42342,0.23087,0.04355,2.30919,124,4.276,0.63107,0.49353,0.29681,0.40973,0.21203,0.0326,2.2002,131,4.119999886,0.667224824,0.873664737,0.295637727,0.423026294,0.256923944,0.02533637,1.577867508,108,4.657,0.592,0.896,0.337,0.499,0.212,0.029,98,4.996,0.611,0.868,0.486,0.381,0.245,0.04,91,5.147999763,8.350645065,0.728601098,57.20398712,0.794796526,0.094170853,0.847964764,2.378437281,95,5.088,8.58,0.727,57.586,0.807,0.123,0.848,2.684,111,4.872,1.112,0.595,0.409,0.5,0.23,0.056,1.972,Sub-Saharan Africa
Zimbabwe,115,4.61,0.271,1.03276,0.33475,0.25861,0.18987,0.08079,2.44191,131,4.193,0.35041,0.71478,0.1595,0.25429,0.18503,0.08582,2.4427,138,3.875,0.375846535,1.083095908,0.196763754,0.336384207,0.189143494,0.095375381,1.597970247,144,3.692,0.357,1.094,0.248,0.406,0.132,0.099,146,3.663,0.366,1.114,0.433,0.361,0.151,0.089,151,3.299200058,7.865711689,0.763092756,55.61725998,0.711457908,-0.072063953,0.81023699,0.841031075,148,3.145,7.943,0.75,56.201,0.677,-0.047,0.821,1.205,144,2.995,0.947,0.69,0.27,0.329,0.106,0.105,0.548,Sub-Saharan Africa
India,117,4.565,0.64499,0.38174,0.51529,0.39786,0.26475,0.08492,2.27513,118,4.404,0.74036,0.29247,0.45091,0.40285,0.25028,0.08722,2.18032,122,4.315000057,0.792221248,0.754372597,0.455427617,0.469987005,0.231538489,0.092226885,1.519117117,133,4.19,0.721,0.747,0.485,0.539,0.172,0.093,140,4.015,0.755,0.765,0.588,0.498,0.2,0.085,144,3.573299885,8.849823952,0.592200935,60.21518707,0.881444871,0.057551607,0.772042692,0.734130859,139,3.819,8.755,0.603,60.633,0.893,0.089,0.774,1.405,136,3.777,1.167,0.376,0.471,0.647,0.198,0.123,0.795,Southern Asia
Nepal,121,4.514,0.35997,0.86449,0.56874,0.38282,0.32296,0.05907,1.95637,107,4.793,0.44626,0.69699,0.50073,0.37012,0.3816,0.07008,2.32694,99,4.961999893,0.479820192,1.179283261,0.504130781,0.440305948,0.394096166,0.072975546,1.891241074,101,4.88,0.425,1.228,0.539,0.526,0.302,0.078,100,4.913,0.446,1.226,0.677,0.439,0.285,0.089,92,5.137199879,7.925357342,0.785512447,63.77917862,0.797565043,0.154168829,0.738099158,2.014386892,87,5.269,8.12,0.774,64.233,0.782,0.152,0.727,2.642,84,5.377,0.984,0.784,0.499,0.519,0.237,0.13,2.224,Southern Asia
Ethiopia,122,4.512,0.19073,0.60406,0.44055,0.4345,0.24325,0.15048,2.44876,115,4.508,0.29283,0.37932,0.34578,0.36703,0.29522,0.1717,2.65614,119,4.460000038,0.339233845,0.864669204,0.353409708,0.408842742,0.31265074,0.165455714,2.015743732,127,4.35,0.308,0.95,0.391,0.452,0.22,0.146,134,4.286,0.336,1.033,0.532,0.344,0.209,0.1,136,4.186200142,7.509385586,0.743307352,58.63959122,0.740795195,0.043377332,0.753690004,1.628459215,133,4.275,7.694,0.764,59,0.752,0.082,0.761,2.089,131,4.241,0.788,0.809,0.457,0.472,0.205,0.136,1.375,Sub-Saharan Africa
Sierra Leone,123,4.507,0.33024,0.95571,0,0.4084,0.21488,0.08786,2.51009,111,4.635,0.36485,0.628,0,0.30685,0.23897,0.08196,3.01402,106,4.709000111,0.368420929,0.984136045,0.005564754,0.318697691,0.293040901,0.071095176,2.668459892,113,4.571,0.256,0.813,0,0.355,0.238,0.053,129,4.374,0.268,0.841,0.242,0.309,0.252,0.045,139,3.926399946,7.26880312,0.636142015,50.86514282,0.715315044,0.088660747,0.861330688,2.046271801,138,3.849,7.434,0.63,51.651,0.717,0.084,0.866,2.396,140,3.574,0.686,0.416,0.273,0.387,0.202,0.055,1.556,Sub-Saharan Africa
Kenya,125,4.419,0.36471,0.99876,0.41435,0.42215,0.37542,0.05839,1.78555,122,4.356,0.52267,0.7624,0.30147,0.40576,0.41328,0.06686,1.88326,112,4.552999973,0.560479462,1.067950726,0.30998835,0.452763766,0.444860309,0.064641319,1.651902199,124,4.41,0.493,1.048,0.454,0.504,0.352,0.055,121,4.509,0.512,0.983,0.581,0.431,0.372,0.053,121,4.583000183,8.02977562,0.702652037,60.09693146,0.829747558,0.294681519,0.831499159,1.684904575,121,4.607,8.361,0.688,60.704,0.779,0.287,0.825,2.18,119,4.543,1.032,0.605,0.401,0.44,0.322,0.082,1.661,Sub-Saharan Africa
Armenia,127,4.35,0.76821,0.77711,0.7299,0.19847,0.07855,0.039,1.75873,121,4.36,0.86086,0.62477,0.64083,0.14037,0.07793,0.03616,1.97864,121,4.375999928,0.900596738,1.007483721,0.637524426,0.198303267,0.083488092,0.026674422,1.521499157,129,4.321,0.816,0.99,0.666,0.26,0.077,0.028,116,4.559,0.85,1.055,0.815,0.283,0.095,0.064,116,4.676799774,9.100476265,0.757479429,66.75065613,0.712017834,-0.13877961,0.773544788,1.468161583,86,5.283,9.487,0.799,67.055,0.825,-0.168,0.629,2.127,82,5.399,1.434,0.82,0.668,0.558,0.054,0.21,1.654,Central and Eastern Europe
Myanmar,129,4.307,0.27108,0.70905,0.48246,0.44017,0.79588,0.19034,1.41805,119,4.395,0.34112,0.69981,0.3988,0.42692,0.81971,0.20243,1.50655,114,4.545000076,0.36711055,1.123235941,0.397522569,0.514492035,0.838075161,0.188816205,1.115290403,130,4.308,0.682,1.174,0.429,0.58,0.598,0.178,131,4.36,0.71,1.181,0.555,0.525,0.566,0.172,133,4.308000088,8.680481911,0.78440702,58.96171188,0.895075202,0.560663998,0.645124316,0.681462526,126,4.426,8.541,0.779,59.302,0.876,0.509,0.66,1.407,126,4.394,1.038,0.829,0.491,0.513,0.452,0.194,0.877,Southeastern Asia
Georgia,130,4.297,0.7419,0.38562,0.72926,0.40577,0.05547,0.38331,1.59541,126,4.252,0.83792,0.19249,0.64035,0.32461,0.06786,0.3188,1.87031,125,4.285999775,0.950612664,0.570614934,0.649546981,0.309410036,0.054008815,0.251666635,1.500137806,128,4.34,0.853,0.592,0.643,0.375,0.038,0.215,119,4.519,0.886,0.666,0.752,0.346,0.043,0.164,117,4.672599792,9.226100922,0.629033029,64.49520874,0.801641524,-0.22892037,0.665944695,1.69239831,108,4.891,9.585,0.671,64.3,0.783,-0.238,0.655,2.191,105,4.973,1.467,0.612,0.595,0.508,0,0.208,1.583,Central and Eastern Europe
Malawi,131,4.292,0.01604,0.41134,0.22562,0.43054,0.33128,0.06977,2.80791,132,4.156,0.08709,0.147,0.29364,0.4143,0.30968,0.07564,2.82859,136,3.970000029,0.233442038,0.512568831,0.315089583,0.466914654,0.28717047,0.072711654,2.081786156,147,3.587,0.186,0.541,0.306,0.531,0.21,0.08,150,3.41,0.191,0.56,0.495,0.443,0.218,0.089,145,3.538000107,7.062226295,0.544007301,57.59288788,0.803223193,0.021433279,0.731700778,1.552718282,144,3.6,6.958,0.537,57.948,0.78,0.038,0.729,2.19,138,3.75,0.648,0.279,0.388,0.477,0.14,0.157,1.661,Sub-Saharan Africa
Sri Lanka,132,4.271,0.83524,1.01905,0.70806,0.53726,0.40828,0.09179,0.67108,117,4.415,0.97318,0.84783,0.62007,0.50817,0.46978,0.07964,0.91681,120,4.440000057,1.009850144,1.259976387,0.625130832,0.561213255,0.490863562,0.073653966,0.419389248,116,4.471,0.918,1.314,0.672,0.585,0.307,0.05,130,4.366,0.949,1.265,0.831,0.47,0.244,0.047,130,4.327000141,9.389969826,0.825374067,67.20006561,0.837633669,0.081129618,0.859001756,0.611288548,129,4.325,9.47,0.827,67.299,0.841,0.079,0.863,1.075,127,4.362,1.415,0.934,0.66,0.529,0.15,0.079,0.595,Southern Asia
Cameroon,133,4.252,0.4225,0.88767,0.23402,0.49309,0.20618,0.05786,1.95071,114,4.513,0.52497,0.62542,0.12698,0.42736,0.2268,0.06126,2.5198,107,4.695000172,0.564305365,0.946018219,0.132892117,0.430388749,0.236298457,0.051306631,2.333645582,99,4.975,0.535,0.891,0.182,0.454,0.183,0.043,96,5.044,0.549,0.91,0.331,0.381,0.187,0.037,98,5.084899902,8.118647575,0.700386405,52.7049408,0.763051808,-0.00149645,0.851336598,2.719370842,91,5.142,8.189,0.71,53.515,0.731,0.026,0.848,3.195,102,5.048,0.968,0.672,0.317,0.397,0.152,0.074,2.469,Sub-Saharan Africa
Bulgaria,134,4.218,1.01216,1.10614,0.76649,0.30587,0.11921,0.00872,0.89991,129,4.217,1.11306,0.92542,0.67806,0.21219,0.12793,0.00615,1.15377,105,4.714000225,1.161459088,1.434379458,0.70821768,0.289231718,0.113177694,0.011051531,0.996139288,100,4.933,1.054,1.515,0.712,0.359,0.064,0.009,97,5.011,1.092,1.513,0.815,0.311,0.081,0.004,96,5.101500034,9.869318962,0.937840343,66.80397797,0.745178163,-0.143908441,0.935585141,1.294961452,88,5.266,10.016,0.931,67,0.788,-0.096,0.932,1.823,85,5.371,1.625,1.163,0.64,0.563,0.123,0.021,1.235,Central and Eastern Europe
Egypt,135,4.194,0.8818,0.747,0.61712,0.17288,0.11291,0.06324,1.59927,120,4.362,0.95395,0.49813,0.52116,0.18847,0.12706,0.10393,1.96895,104,4.735000134,0.989701807,0.997471392,0.520187259,0.282110155,0.128631443,0.114381365,1.702161074,122,4.419,0.885,1.025,0.553,0.312,0.092,0.107,137,4.166,0.913,1.039,0.644,0.241,0.076,0.067,138,4.151400089,9.316541672,0.735447824,61.78015137,0.708354175,-0.196878314,0.787726879,1.158818245,132,4.283,9.367,0.75,61.998,0.749,-0.182,0.795,1.648,129,4.288,1.388,0.732,0.548,0.469,0.041,0.254,0.856,Middle East and Northern Africa
Mali,138,3.995,0.26074,1.03526,0.20583,0.38857,0.18798,0.12352,1.79293,135,4.073,0.31292,0.86333,0.16347,0.27544,0.21064,0.13647,2.11087,127,4.190000057,0.476180494,1.281473398,0.169365674,0.306613743,0.183354199,0.104970247,1.668190956,118,4.447,0.37,1.233,0.152,0.367,0.139,0.056,128,4.39,0.385,1.105,0.308,0.327,0.153,0.052,114,4.729300022,7.629852295,0.731468976,51.72698212,0.71156615,-0.044366926,0.839328408,2.559335232,117,4.723,7.744,0.724,51.969,0.697,-0.036,0.827,3.016,123,4.479,0.792,0.483,0.311,0.35,0.128,0.042,2.373,Sub-Saharan Africa
Uganda,141,3.931,0.21102,1.13299,0.33861,0.45727,0.29066,0.07267,1.42766,145,3.739,0.34719,0.90981,0.19625,0.43653,0.27102,0.06442,1.51416,133,4.080999851,0.381430715,1.129827738,0.217632607,0.443185955,0.325766057,0.057069719,1.526362658,135,4.161,0.322,1.09,0.237,0.45,0.259,0.061,136,4.189,0.332,1.069,0.443,0.356,0.252,0.06,126,4.43200016,7.500389576,0.764994621,55.70820236,0.731713951,0.099487431,0.836737812,1.958671093,119,4.636,7.677,0.781,56.101,0.709,0.122,0.855,2.596,117,4.603,0.777,0.875,0.418,0.402,0.222,0.066,1.842,Sub-Saharan Africa
Senegal,142,3.904,0.36498,0.97619,0.4354,0.36772,0.20843,0.10713,1.44395,128,4.219,0.44314,0.77416,0.40457,0.31056,0.19103,0.11681,1.97861,115,4.534999847,0.479309022,1.179691911,0.409362853,0.377922267,0.183468893,0.115460448,1.789646149,109,4.631,0.429,1.117,0.433,0.406,0.138,0.082,111,4.681,0.45,1.134,0.571,0.292,0.153,0.072,101,4.980800152,8.118982315,0.723616004,59.59915161,0.690596163,-0.052335154,0.808785141,2.405123949,92,5.132,8.118,0.71,59.802,0.695,-0.046,0.801,3.071,103,5.046,0.933,0.53,0.447,0.494,0.143,0.081,2.419,Sub-Saharan Africa
Gabon,143,3.896,1.06024,0.90528,0.43372,0.31914,0.06822,0.11091,0.99895,134,4.121,1.15851,0.72368,0.3494,0.28098,0.06244,0.09314,1.45332,118,4.465000153,1.198210239,1.155620217,0.356578588,0.312328577,0.043785378,0.076046787,1.322916269,103,4.758,1.036,1.164,0.404,0.356,0.032,0.052,104,4.799,1.057,1.183,0.571,0.295,0.043,0.055,108,4.829299927,9.680537224,0.787886858,59.71533966,0.704829216,-0.222261623,0.849150956,1.735027552,112,4.852,9.603,0.776,59.962,0.731,-0.2,0.84,2.201,106,4.958,1.459,0.738,0.396,0.343,0.032,0.099,1.892,Sub-Saharan Africa
Cambodia,145,3.819,0.46038,0.62736,0.61114,0.66246,0.40359,0.07247,0.98195,140,3.907,0.55604,0.5375,0.42494,0.58852,0.40339,0.08092,1.31573,129,4.168000221,0.601765096,1.006238341,0.429783404,0.633375823,0.385922968,0.068105951,1.042941093,120,4.433,0.549,1.088,0.457,0.696,0.256,0.065,109,4.7,0.574,1.122,0.637,0.609,0.232,0.062,106,4.848400116,8.249890327,0.773080647,61.52996826,0.959704638,0.051911179,0.822769046,1.663300037,114,4.83,8.36,0.765,62,0.959,0.034,0.843,2.148,114,4.64,1.019,0.732,0.505,0.74,0.166,0.068,1.41,Southeastern Asia
Tanzania,146,3.781,0.2852,1.00268,0.38215,0.32878,0.34377,0.05747,1.38079,149,3.666,0.47155,0.77623,0.357,0.3176,0.31472,0.05099,1.37769,153,3.348999977,0.511135876,1.041989803,0.364509284,0.390017778,0.354256362,0.066035107,0.621130466,153,3.303,0.455,0.991,0.381,0.481,0.27,0.097,153,3.231,0.476,0.885,0.499,0.417,0.276,0.147,148,3.476200104,7.967665195,0.688933194,57.49607468,0.82153976,0.109668687,0.619799435,0.718963385,142,3.623,7.876,0.702,57.999,0.833,0.183,0.577,1.263,139,3.702,0.848,0.597,0.425,0.578,0.248,0.27,0.735,Sub-Saharan Africa
Guinea,150,3.656,0.17417,0.46475,0.24009,0.37725,0.28657,0.12139,1.99172,151,3.607,0.22415,0.3109,0.18829,0.30953,0.29914,0.1192,2.15604,149,3.506999969,0.24454993,0.791244686,0.194129139,0.348587513,0.264815092,0.110937618,1.552311897,140,3.964,0.344,0.792,0.211,0.394,0.185,0.094,118,4.534,0.38,0.829,0.375,0.332,0.207,0.086,102,4.949299812,7.750990391,0.637573481,54.46780014,0.706846774,0.076328471,0.761794448,2.740729809,102,4.984,7.838,0.639,55.008,0.697,0.095,0.766,3.216,109,4.891,0.848,0.566,0.275,0.334,0.214,0.116,2.538,Sub-Saharan Africa
Ivory Coast,151,3.655,0.46534,0.77115,0.15185,0.46866,0.20165,0.17922,1.41723,139,3.916,0.55507,0.57576,0.04476,0.40663,0.20338,0.1553,1.97478,128,4.179999828,0.603048921,0.90478003,0.04864217,0.447706193,0.20123747,0.130061775,1.844964266,107,4.671,0.541,0.872,0.08,0.467,0.146,0.103,99,4.944,0.569,0.808,0.232,0.352,0.154,0.09,85,5.233300209,8.225561142,0.658048689,49.50377274,0.727909327,-0.043991156,0.790771961,3.081022501,85,5.306,8.551,0.644,50.114,0.741,-0.016,0.794,3.469,88,5.235,1.094,0.442,0.322,0.451,0.149,0.124,2.652,Sub-Saharan Africa
Burkina Faso,152,3.587,0.25812,0.85188,0.27125,0.39493,0.21747,0.12832,1.46494,145,3.739,0.31995,0.63054,0.21297,0.3337,0.24353,0.12533,1.87319,134,4.032000065,0.350227714,1.043280005,0.215844259,0.324367851,0.250864685,0.120328106,1.727212906,121,4.424,0.314,1.097,0.254,0.312,0.175,0.128,115,4.587,0.331,1.056,0.38,0.255,0.177,0.113,112,4.768700123,7.46854496,0.712943614,53.88945389,0.665563583,-0.019080516,0.739795029,2.588826418,113,4.834,7.678,0.672,54.151,0.695,-0.009,0.748,3.133,113,4.67,0.779,0.565,0.32,0.382,0.186,0.126,2.313,Sub-Saharan Africa
Afghanistan,153,3.575,0.31982,0.30285,0.30335,0.23414,0.3651,0.09719,1.9521,154,3.36,0.38227,0.11037,0.17344,0.1643,0.31268,0.07112,2.14558,141,3.79399991,0.401477218,0.581543326,0.180746779,0.10617952,0.311870933,0.06115783,2.150801182,145,3.632,0.332,0.537,0.255,0.085,0.191,0.036,154,3.203,0.35,0.517,0.361,0,0.158,0.025,153,2.566900015,7.462860584,0.470366955,52.59000015,0.396573007,-0.0964294,0.933686554,1.507235646,149,2.523,7.695,0.463,52.493,0.382,-0.102,0.924,1.895,146,2.404,0.758,0,0.289,0,0.089,0.005,1.263,Southern Asia
Benin,155,3.34,0.28665,0.35386,0.3191,0.4845,0.1826,0.0801,1.63328,153,3.484,0.39499,0.10419,0.21028,0.39747,0.2018,0.06681,2.10812,143,3.657000065,0.431085408,0.435299844,0.209930211,0.425962776,0.207948461,0.060929015,1.885630965,136,4.141,0.378,0.372,0.24,0.44,0.163,0.067,102,4.883,0.393,0.437,0.397,0.349,0.175,0.082,86,5.21600008,7.674319744,0.468671143,54.31246567,0.735182583,-0.003537213,0.740532577,3.440809727,99,5.045,8.087,0.489,54.713,0.757,-0.034,0.661,3.482,115,4.623,0.932,0.064,0.335,0.479,0.127,0.23,2.458,Sub-Saharan Africa
Togo,158,2.839,0.20868,0.13995,0.28443,0.36453,0.16681,0.10731,1.56726,155,3.303,0.28123,0,0.24811,0.34678,0.17517,0.11587,2.1354,150,3.494999886,0.305444717,0.43188253,0.247105569,0.380426139,0.196896151,0.095665015,1.837229252,139,3.999,0.259,0.474,0.253,0.434,0.158,0.101,139,4.085,0.275,0.572,0.41,0.293,0.177,0.085,135,4.187200069,7.357711315,0.551312625,54.71989822,0.649828613,0.002667875,0.757733464,2.409595251,136,4.107,7.362,0.569,54.914,0.619,0.032,0.772,2.806,135,4.112,0.771,0.322,0.36,0.292,0.174,0.132,2.061,Sub-Saharan Africa
