Country,GDP_2019,Social Support_2019,Health Life Expectancy_2019,Freedom_2019,Generosity_2019,Perceptions of corruption_2019,GDP_2020,Social Support_2020,Health Life Expectancy_2020,Freedom_2020,Generosity_2020,Perceptions of corruption_2020,Dystopia_y,GDP_2021,Social Support_2021,Health Life Expectancy_2021,Freedom_2021,Generosity_2021,Perceptions of corruption_2021,Dystopia_2021,GDP_2022,Social Support_2022,Health Life Expectancy_2022,Freedom_2022,Generosity_2022,Perceptions of corruption_2022,Dystopia_2022,GDP_2023,Social Support_2023,Health Life Expectancy_2023,Freedom_2023,Generosity_2023,Perceptions of corruption_2023,Dystopia_2023,GDP_2024,Social Support_2024,Health Life Expectancy_2024,Freedom_2024,Generosity_2024,Perceptions of corruption_2024,Dystopia_2024
Singapore,1.572,1.463,1.141,0.556,0.271,0.453,11.39552116,0.910268962,76.80458069,0.926645339,0.029879224,0.109784193,0.937031746,11.488,0.915,76.953,0.927,-0.018,0.082,1.379,2.149,1.127,0.851,0.672,0.163,0.587,0.932,2.168,1.354,0.607,0.66,0.17,0.561,1.778,2.118,1.361,0.769,0.743,0.168,0.575,0.788
United Arab Emirates,1.503,1.31,0.825,0.598,0.262,0.182,11.1099987,0.849181116,67.08278656,0.941345513,0.123450845,0.594502211,2.166965961,11.085,0.844,67.333,0.932,0.074,0.589,2.422,1.998,0.98,0.633,0.702,0.204,0.25,1.809,2.015,1.223,0.401,0.745,0.188,0.247,1.778,1.983,1.164,0.563,0.815,0.209,0.258,1.741
Ireland,1.499,1.553,0.999,0.516,0.298,0.31,11.16097832,0.942081571,72.30078888,0.886982977,0.145784974,0.357184172,1.943878174,11.342,0.947,72.4,0.879,0.077,0.363,2.384,2.129,1.166,0.779,0.627,0.19,0.408,1.743,2.152,1.425,0.539,0.656,0.186,0.409,1.778,2.129,1.39,0.7,0.758,0.205,0.418,1.239
Norway,1.488,1.582,1.028,0.603,0.271,0.341,11.08780384,0.952486575,73.20078278,0.955750287,0.13453263,0.263218194,2.168266296,11.053,0.954,73.3,0.96,0.093,0.27,2.58,1.997,1.239,0.786,0.728,0.217,0.474,1.925,1.994,1.521,0.544,0.752,0.212,0.463,1.778,1.952,1.517,0.704,0.835,0.224,0.484,1.586
Switzerland,1.452,1.526,1.052,0.572,0.263,0.343,10.97993279,0.942846596,74.10244751,0.921336651,0.105911039,0.303728431,2.35026741,11.117,0.942,74.4,0.919,0.025,0.292,2.839,2.026,1.226,0.822,0.677,0.147,0.461,2.153,2.022,1.463,0.582,0.678,0.151,0.475,1.778,1.97,1.425,0.747,0.759,0.173,0.498,1.488
United States,1.433,1.457,0.874,0.454,0.28,0.128,10.92576885,0.914219022,68.29949951,0.842619538,0.149891734,0.699715316,2.344124794,11.023,0.92,68.2,0.837,0.098,0.698,2.807,1.982,1.182,0.628,0.574,0.22,0.177,2.214,1.98,1.46,0.39,0.557,0.21,0.172,1.778,1.939,1.392,0.542,0.586,0.223,0.169,1.873
Saudi Arabia,1.403,1.357,0.795,0.439,0.08,0.132,10.79781246,0.874067068,66.30514526,0.854191244,-0.168695062,0.682619512,2.203118801,10.743,0.891,66.603,0.877,-0.149,0.684,2.668,1.87,1.092,0.577,0.651,0.078,0.18,2.075,1.861,1.37,0.351,0.682,0.093,0.17,1.778,1.842,1.361,0.511,0.787,0.114,0.188,1.79
Netherlands,1.396,1.522,0.999,0.557,0.322,0.298,10.81271172,0.93913883,72.30091858,0.908547819,0.20761244,0.364717126,2.352117062,10.932,0.942,72.4,0.913,0.175,0.338,2.798,1.945,1.206,0.787,0.651,0.271,0.419,2.137,1.942,1.488,0.545,0.672,0.251,0.394,1.778,1.901,1.462,0.706,0.725,0.247,0.372,1.906
Sweden,1.387,1.487,1.009,0.574,0.267,0.373,10.75879383,0.926311195,72.60076904,0.939144194,0.111614622,0.250880182,2.246299267,10.867,0.934,72.7,0.945,0.086,0.237,2.683,1.92,1.204,0.803,0.724,0.218,0.512,2.003,1.921,1.51,0.562,0.754,0.225,0.52,1.778,1.878,1.501,0.724,0.838,0.221,0.524,1.658
Denmark,1.383,1.573,0.996,0.592,0.252,0.41,10.77400112,0.955990791,72.40250397,0.951444268,0.066201776,0.168489456,2.432740688,10.933,0.954,72.7,0.946,0.03,0.179,2.868,1.953,1.243,0.777,0.719,0.188,0.532,2.226,1.949,1.548,0.537,0.734,0.208,0.525,1.778,1.908,1.52,0.699,0.823,0.204,0.548,1.881
Iceland,1.38,1.624,1.026,0.591,0.354,0.118,10.77255917,0.974669576,73,0.948891878,0.246944219,0.711709738,2.460688114,10.878,0.983,73,0.955,0.16,0.673,2.967,1.936,1.32,0.803,0.718,0.27,0.191,2.32,1.926,1.62,0.559,0.738,0.25,0.187,1.778,1.881,1.617,0.718,0.819,0.258,0.182,2.05
Austria,1.376,1.475,1.016,0.532,0.244,0.226,10.7428236,0.928045869,73.00250244,0.899989486,0.085429221,0.499954879,2.398446083,10.906,0.934,73.3,0.908,0.042,0.481,2.784,1.931,1.165,0.774,0.623,0.193,0.329,2.148,1.927,1.382,0.535,0.63,0.191,0.31,1.778,1.885,1.336,0.696,0.703,0.214,0.305,1.766
Germany,1.373,1.454,0.987,0.495,0.261,0.265,10.7328186,0.898874462,72.20201874,0.867371082,0.080179386,0.456422031,2.295249462,10.873,0.903,72.5,0.875,0.011,0.46,2.824,1.924,1.088,0.776,0.585,0.163,0.358,2.142,1.919,1.401,0.539,0.618,0.153,0.365,1.778,1.871,1.39,0.702,0.7,0.174,0.368,1.513
Australia,1.372,1.548,1.036,0.557,0.332,0.29,10.72059631,0.944854617,73.60453796,0.915431738,0.19046016,0.41516912,2.129804134,10.796,0.94,73.9,0.914,0.159,0.442,2.598,1.9,1.203,0.772,0.676,0.258,0.341,2.011,1.899,1.497,0.532,0.677,0.242,0.31,1.778,1.854,1.461,0.692,0.756,0.225,0.323,1.745
Canada,1.365,1.505,1.039,0.584,0.285,0.308,10.69236851,0.927176654,73.60160065,0.933913231,0.124770768,0.390843362,2.195269108,10.776,0.926,73.8,0.915,0.089,0.415,2.585,1.886,1.188,0.783,0.659,0.217,0.368,1.924,1.881,1.484,0.541,0.656,0.218,0.364,1.778,1.84,1.459,0.701,0.73,0.23,0.368,1.572
Bahrain,1.362,1.368,0.871,0.536,0.255,0.11,10.67638016,0.876342118,68.5,0.905855775,0.13372919,0.7393471,1.751917362,10.669,0.862,69.495,0.925,0.089,0.722,2.631,1.854,1.029,0.625,0.693,0.199,0.155,2.092,1.883,1.269,0.389,0.748,0.199,0.138,1.778,,,,,,,
Belgium,1.356,1.504,0.986,0.473,0.16,0.21,10.6736393,0.911632538,72.00164795,0.813582063,-0.078691199,0.612297952,2.348626614,10.823,0.906,72.199,0.783,-0.153,0.646,2.862,1.907,1.106,0.764,0.492,0.049,0.204,2.283,1.907,1.449,0.528,0.59,0.137,0.273,1.778,1.868,1.44,0.69,0.729,0.17,0.311,1.686
Finland,1.34,1.587,0.986,0.596,0.153,0.393,10.63926697,0.954329729,71.9008255,0.949172199,-0.059482019,0.195444584,2.762835026,10.775,0.954,72,0.949,-0.098,0.186,3.253,1.892,1.258,0.775,0.736,0.109,0.534,2.518,1.888,1.585,0.535,0.772,0.126,0.535,1.778,1.844,1.572,0.695,0.859,0.142,0.546,2.082
United Kingdom,1.333,1.538,0.996,0.45,0.348,0.278,10.60013485,0.93668282,72.30160522,0.834743679,0.263732493,0.435915917,2.236721992,10.707,0.934,72.5,0.859,0.233,0.459,2.596,1.867,1.143,0.75,0.597,0.289,0.329,1.967,1.857,1.366,0.511,0.626,0.272,0.34,1.778,1.822,1.326,0.672,0.713,0.267,0.351,1.598
Japan,1.327,1.419,1.088,0.445,0.069,0.14,10.57968903,0.883545935,75.00096893,0.809961379,-0.246910349,0.654558063,1.486200333,10.611,0.884,75.1,0.796,-0.258,0.638,2.048,1.835,1.089,0.866,0.537,0.007,0.218,1.487,1.825,1.396,0.622,0.556,0.009,0.207,1.778,1.786,1.354,0.785,0.632,0.023,0.219,1.261
France,1.324,1.472,1.045,0.436,0.111,0.183,10.58422279,0.937103748,73.80193329,0.825467646,-0.130641967,0.583521128,2.053198338,10.704,0.942,74,0.822,-0.147,0.571,2.521,1.863,1.219,0.808,0.567,0.07,0.266,1.895,1.856,1.433,0.566,0.582,0.083,0.27,1.778,1.818,1.348,0.727,0.65,0.112,0.281,1.672
New Zealand,1.303,1.557,1.026,0.585,0.33,0.38,10.50094318,0.949118972,73.20262909,0.936217487,0.191598073,0.22113885,2.128108025,10.643,0.948,73.4,0.929,0.134,0.242,2.612,1.852,1.235,0.752,0.68,0.245,0.483,1.954,1.842,1.544,0.513,0.672,0.23,0.471,1.778,1.81,1.527,0.673,0.746,0.226,0.48,1.567
South Korea,1.301,1.219,1.036,0.159,0.175,0.056,10.51056671,0.799387157,73.6027298,0.612965107,-0.043404032,0.789067447,1.946757078,10.651,0.799,73.9,0.672,-0.083,0.727,2.262,1.851,0.886,0.841,0.414,0.111,0.176,1.656,1.853,1.188,0.603,0.446,0.112,0.163,1.778,1.815,1.178,0.77,0.555,0.126,0.158,1.456
Malta,1.3,1.52,0.999,0.564,0.375,0.151,10.53383827,0.93037951,72.19999695,0.924911439,0.214965805,0.658547282,1.952012062,10.674,0.931,72.2,0.927,0.133,0.653,2.268,1.838,1.169,0.789,0.679,0.174,0.166,1.631,1.841,1.468,0.547,0.671,0.2,0.143,1.778,1.827,1.444,0.707,0.727,0.25,0.125,1.267
Italy,1.294,1.488,1.039,0.231,0.158,0.03,10.48183632,0.889878571,73.60168457,0.66465199,-0.043460999,0.873404682,2.249505997,10.623,0.88,73.8,0.693,-0.084,0.866,2.794,1.834,1.052,0.801,0.412,0.085,0.059,2.222,1.832,1.365,0.559,0.438,0.097,0.063,1.778,1.8,1.328,0.72,0.513,0.112,0.074,1.777
Spain,1.286,1.484,1.062,0.362,0.153,0.079,10.46292686,0.921125412,74.40270996,0.751989543,-0.050961714,0.765859902,1.997088432,10.571,0.932,74.7,0.761,-0.081,0.745,2.513,1.808,1.211,0.808,0.505,0.101,0.149,1.893,1.798,1.491,0.567,0.533,0.101,0.157,1.778,1.766,1.471,0.729,0.619,0.119,0.177,1.54
Israel,1.276,1.455,1.029,0.371,0.261,0.082,10.41752529,0.913571239,73.20025635,0.747580588,0.10259372,0.78085506,2.713358402,10.575,0.939,73.503,0.8,0.031,0.753,3.083,1.826,1.221,0.818,0.568,0.155,0.143,2.634,1.833,1.521,0.577,0.569,0.124,0.158,1.778,1.803,1.513,0.74,0.641,0.153,0.193,2.298
Cyprus,1.263,1.223,1.042,0.406,0.19,0.041,10.40570259,0.805996239,73.70222473,0.779858291,0.043731496,0.856271744,2.032334805,10.576,0.802,73.898,0.763,-0.015,0.844,2.578,1.815,0.909,0.819,0.448,0.123,0.062,2.044,1.824,1.224,0.58,0.455,0.104,0.05,1.778,1.794,1.217,0.744,0.529,0.124,0.049,1.611
Slovenia,1.258,1.523,0.953,0.564,0.144,0.057,10.39232254,0.939575672,71.1029892,0.936142623,-0.080603383,0.817071021,1.888586521,10.529,0.948,71.4,0.949,-0.101,0.806,2.388,1.81,1.249,0.769,0.685,0.118,0.115,1.885,1.815,1.539,0.532,0.707,0.144,0.113,1.778,1.786,1.502,0.695,0.789,0.157,0.131,1.683
Slovakia,1.246,1.504,0.881,0.334,0.121,0.014,10.34774971,0.922493756,68.90634155,0.749952674,-0.124409303,0.918096125,2.256422043,10.369,0.936,69.201,0.766,-0.124,0.911,2.714,1.736,1.232,0.707,0.479,0.118,0.025,2.094,1.731,1.544,0.472,0.494,0.128,0.022,1.778,1.706,1.54,0.638,0.566,0.096,0.058,1.653
Lithuania,1.238,1.515,0.818,0.291,0.043,0.042,10.34362602,0.926107109,67.29407501,0.747381449,-0.219725296,0.809583843,2.238146067,10.499,0.935,67.906,0.773,-0.203,0.826,2.624,1.804,1.204,0.659,0.496,0.053,0.077,2.153,1.808,1.511,0.432,0.487,0.059,0.089,1.778,1.766,1.454,0.598,0.533,0.044,0.116,2.307
Estonia,1.237,1.528,0.874,0.495,0.103,0.161,10.34001732,0.934729993,68.60495758,0.87770915,-0.111697771,0.623073816,1.629928112,10.481,0.941,68.8,0.909,-0.106,0.527,2.103,1.793,1.232,0.728,0.689,0.123,0.333,1.442,1.798,1.526,0.494,0.728,0.153,0.372,1.778,1.752,1.527,0.657,0.805,0.166,0.401,1.138
Malaysia,1.221,1.171,0.828,0.508,0.26,0.024,10.26251888,0.816509426,67.10215759,0.894626856,0.114726797,0.839302301,1.319420815,10.238,0.817,67.102,0.895,0.125,0.839,1.784,1.689,0.938,0.62,0.654,0.213,0.126,1.471,1.665,1.155,0.385,0.659,0.222,0.122,1.778,1.646,1.143,0.54,0.829,0.226,0.119,1.473
Portugal,1.221,1.431,0.999,0.508,0.047,0.025,10.26374245,0.886590719,72.40202332,0.888747811,-0.220714301,0.892629504,1.752558708,10.421,0.879,72.6,0.892,-0.244,0.887,2.225,1.76,1.078,0.777,0.655,0.016,0.039,1.691,1.758,1.356,0.537,0.693,0.031,0.037,1.778,1.728,1.368,0.699,0.757,0.047,0.035,1.397
Poland,1.206,1.438,0.884,0.483,0.117,0.05,10.26512432,0.874257445,69.31113434,0.862055779,-0.205084071,0.686927021,2.056797981,10.382,0.898,69.702,0.841,-0.165,0.735,2.438,1.758,1.174,0.712,0.523,0.124,0.14,1.693,1.767,1.474,0.477,0.511,0.12,0.139,1.778,1.738,1.417,0.639,0.6,0.081,0.175,1.791
Hungary,1.201,1.41,0.828,0.199,0.081,0.02,10.24924374,0.921934128,67.60997009,0.718964577,-0.194323018,0.892916501,2.121845722,10.358,0.943,68,0.755,-0.186,0.876,2.432,1.748,1.233,0.668,0.485,0.078,0.064,1.812,1.754,1.519,0.435,0.501,0.105,0.065,1.778,1.722,1.528,0.596,0.581,0.123,0.067,1.4
Latvia,1.187,1.465,0.812,0.264,0.075,0.064,10.17531967,0.918288589,66.8074646,0.671237648,-0.186888844,0.795580089,2.121283054,10.315,0.927,67.1,0.715,-0.162,0.8,2.536,1.732,1.221,0.637,0.502,0.075,0.09,1.923,1.737,1.505,0.405,0.58,0.107,0.071,1.778,1.7,1.508,0.564,0.666,0.127,0.078,1.59
Russia,1.183,1.452,0.726,0.334,0.082,0.031,10.12887192,0.903150737,64.10045624,0.729892612,-0.151153743,0.864802599,1.815716743,10.189,0.903,64.703,0.718,-0.111,0.845,2.148,1.685,1.095,0.586,0.401,0.117,0.08,1.494,1.68,1.383,0.366,0.449,0.12,0.091,1.778,1.642,1.351,0.531,0.551,0.138,0.121,1.451
Turkey,1.183,1.36,0.808,0.195,0.083,0.106,10.12941933,0.826313555,66.90281677,0.608830452,-0.171046436,0.748197377,1.564816713,10.24,0.822,67.199,0.576,-0.139,0.776,1.852,1.707,0.865,0.702,0.209,0.087,0.115,1.059,,,,,,,,,,,,,,
Greece,1.181,1.156,0.999,0.067,0,0.034,10.13232613,0.814380348,72.40525818,0.541345119,-0.300907373,0.859931409,2.016179085,10.279,0.823,72.6,0.582,-0.288,0.823,2.561,1.703,0.98,0.774,0.249,0.015,0.108,2.119,1.708,1.247,0.535,0.248,0.008,0.097,1.778,1.684,1.276,0.696,0.337,0.018,0.093,1.83
Kazakhstan,1.173,1.508,0.729,0.41,0.146,0.096,10.11465836,0.934744895,64.60996246,0.811601937,-0.068488635,0.764490843,2.021602631,10.155,0.952,65.2,0.853,-0.069,0.733,2.446,1.668,1.22,0.611,0.584,0.134,0.157,1.86,1.664,1.491,0.389,0.628,0.136,0.149,1.778,1.622,1.457,0.556,0.733,0.149,0.12,1.551
Romania,1.162,1.232,0.825,0.462,0.083,0.005,10.107584,0.825161517,67.20723724,0.842823207,-0.19781521,0.934300244,2.412749767,10.284,0.832,67.355,0.845,-0.219,0.938,2.83,1.719,1.006,0.655,0.605,0.039,0.006,2.446,1.726,1.28,0.423,0.631,0.044,0,1.778,1.699,1.236,0.583,0.717,0.041,0.006,2.21
Chile,1.159,1.369,0.92,0.357,0.187,0.056,10.0320549,0.879713595,69.90061951,0.744896293,-0.065668367,0.838239431,2.283012867,10.071,0.882,70,0.742,-0.044,0.83,2.682,1.651,1.08,0.748,0.46,0.124,0.069,2.04,1.645,1.384,0.511,0.546,0.131,0.076,1.778,1.616,1.369,0.673,0.651,0.117,0.075,1.858
Croatia,1.155,1.266,0.914,0.296,0.119,0.022,10.07087517,0.874623716,70.21490479,0.714838803,-0.128538325,0.916495264,1.676029205,10.217,0.924,70.799,0.754,-0.118,0.939,2.325,1.705,1.183,0.709,0.535,0.109,0,1.884,1.727,1.455,0.475,0.5,0.087,0.003,1.778,1.71,1.445,0.637,0.469,0.064,0.043,1.574
Panama,1.149,1.442,0.91,0.516,0.109,0.054,10.03423405,0.902094483,69.60301208,0.880366504,-0.153927714,0.851588905,2.221176147,10.35,0.896,69.652,0.872,-0.166,0.856,2.509,1.715,1.107,0.709,0.592,0.049,0.051,2.086,1.714,1.402,0.475,0.63,0.065,0.036,1.778,1.702,1.392,0.633,0.72,0.063,0.043,1.806
Uruguay,1.124,1.465,0.891,0.523,0.127,0.15,9.948192596,0.92281127,69.00254822,0.892395437,-0.101103112,0.635994136,2.167276382,9.966,0.925,69.1,0.896,-0.092,0.59,2.6,1.615,1.18,0.672,0.665,0.103,0.265,1.974,1.617,1.445,0.435,0.683,0.102,0.254,1.778,1.596,1.431,0.592,0.775,0.106,0.22,1.891
Mauritius,1.12,1.402,0.798,0.498,0.215,0.06,9.956786156,0.910357833,66.40434265,0.889534533,-0.018318573,0.805343091,2.006720543,10.008,0.905,66.701,0.867,-0.054,0.789,2.462,1.591,1.116,0.568,0.589,0.131,0.107,1.969,1.589,1.382,0.336,0.574,0.121,0.11,1.778,1.57,1.358,0.49,0.641,0.123,0.118,1.517
Iran,1.1,0.842,0.785,0.305,0.27,0.125,9.813719749,0.694689691,66.00614929,0.647873282,0.117891103,0.714635968,1.286969423,9.584,0.71,66.3,0.608,0.218,0.714,1.823,1.41,0.741,0.642,0.281,0.241,0.146,1.427,1.465,1.102,0.411,0.281,0.229,0.13,1.778,1.435,1.136,0.571,0.366,0.235,0.123,1.057
Argentina,1.092,1.432,0.881,0.471,0.066,0.05,9.810955048,0.900567949,68.80380249,0.831132412,-0.194913864,0.842009842,2.072540998,9.962,0.898,69,0.828,-0.182,0.834,2.461,1.592,1.102,0.662,0.555,0.081,0.085,1.891,1.59,1.388,0.427,0.587,0.088,0.082,1.778,1.562,1.381,0.585,0.681,0.087,0.08,1.812
Bulgaria,1.092,1.513,0.815,0.311,0.081,0.004,9.869318962,0.937840343,66.80397797,0.745178163,-0.143908441,0.935585141,1.294961452,10.016,0.931,67,0.788,-0.096,0.932,1.823,1.625,1.163,0.64,0.563,0.123,0.021,1.235,1.635,1.457,0.408,0.557,0.106,0.013,1.778,1.629,1.469,0.567,0.62,0.083,0.006,1.088
Mexico,1.07,1.323,0.861,0.433,0.074,0.073,9.797797203,0.838665426,68.29902649,0.858709276,-0.175266623,0.806821585,2.662540197,9.859,0.831,68.597,0.862,-0.147,0.799,2.961,1.552,0.886,0.623,0.621,0.092,0.115,2.239,1.55,1.169,0.389,0.632,0.086,0.115,1.778,1.521,1.241,0.544,0.722,0.086,0.127,2.437
Gabon,1.057,1.183,0.571,0.295,0.043,0.055,9.680537224,0.787886858,59.71533966,0.704829216,-0.222261623,0.849150956,1.735027552,9.603,0.776,59.962,0.731,-0.2,0.84,2.201,1.459,0.738,0.396,0.343,0.032,0.099,1.892,1.438,1.021,0.183,0.346,0.036,0.102,1.778,1.403,1.038,0.344,0.516,0.045,0.1,1.66
Montenegro,1.051,1.361,0.871,0.197,0.142,0.08,9.751860619,0.855314612,68.50534821,0.649565637,-0.075600356,0.783121586,1.880565882,9.94,0.858,68.699,0.708,-0.034,0.812,2.254,1.573,1.023,0.659,0.46,0.135,0.077,1.619,1.537,1.385,0.424,0.563,0.17,0.061,1.778,1.571,1.318,0.587,0.632,0.11,0.132,1.357
Thailand,1.05,1.409,0.828,0.557,0.359,0.028,9.741791725,0.889973223,67.25059509,0.905063033,0.268685192,0.886272311,1.832384109,9.805,0.888,67.401,0.884,0.287,0.895,2.309,1.535,1.096,0.697,0.617,0.321,0.026,1.6,1.515,1.344,0.461,0.624,0.291,0.013,1.778,1.484,1.347,0.62,0.756,0.283,0.024,1.463
Iraq,1.043,0.98,0.574,0.241,0.148,0.089,9.661095619,0.747694969,59.90354919,0.633182645,-0.06956476,0.82226181,1.752173662,9.24,0.746,60.583,0.63,-0.053,0.875,2.429,1.289,0.682,0.554,0.328,0.147,0.046,1.894,1.281,0.953,0.324,0.351,0.134,0.038,1.778,1.249,0.996,0.498,0.425,0.141,0.048,1.809
Costa Rica,1.034,1.441,0.963,0.558,0.144,0.093,9.658156395,0.901545942,71.29985046,0.934738934,-0.10242971,0.786332428,2.953135014,9.88,0.891,71.4,0.934,-0.126,0.809,3.387,1.584,1.054,0.744,0.661,0.089,0.102,2.346,1.587,1.34,0.503,0.683,0.099,0.116,1.778,1.561,1.373,0.661,0.797,0.109,0.123,2.333
China,1.029,1.125,0.893,0.521,0.058,0.1,9.688568115,0.798760593,69.2891922,0.898517907,-0.18142575,0.7539711,1.336181879,9.673,0.811,69.593,0.904,-0.146,0.755,1.982,1.508,0.958,0.705,0.656,0.099,0.142,1.516,1.51,1.249,0.468,0.666,0.115,0.145,1.778,1.497,1.239,0.629,0.704,0.132,0.164,1.608
Dominican Republic,1.015,1.401,0.779,0.497,0.113,0.101,9.664880753,0.882085383,65.80748749,0.866202772,-0.131263286,0.755999923,1.844246864,9.802,0.853,66.102,0.86,-0.133,0.714,2.178,1.538,1.003,0.577,0.606,0.084,0.179,1.751,1.536,1.227,0.351,0.623,0.083,0.195,1.778,1.517,1.272,0.511,0.73,0.086,0.196,1.512
Brazil,1.004,1.439,0.802,0.39,0.099,0.086,9.56643486,0.896723807,66.48016357,0.799804807,-0.101812392,0.770601273,2.571860313,9.577,0.882,66.601,0.804,-0.071,0.756,3.015,1.462,1.044,0.615,0.546,0.131,0.134,2.361,1.454,1.25,0.387,0.558,0.131,0.137,1.778,1.43,1.269,0.548,0.685,0.13,0.142,2.068
Serbia,1.004,1.383,0.854,0.282,0.137,0.039,9.680980682,0.881475747,68.21020508,0.726495862,-0.073676221,0.843509018,2.029040098,9.787,0.873,68.6,0.778,0.002,0.835,2.682,1.55,1.086,0.658,0.546,0.219,0.088,2.031,1.552,1.343,0.424,0.617,0.246,0.081,1.778,1.538,1.391,0.585,0.663,0.2,0.101,1.932
Algeria,1.002,1.16,0.785,0.086,0.073,0.114,9.537964821,0.803385139,65.90517426,0.466610909,-0.121105164,0.735485137,1.840811729,9.342,0.802,66.005,0.48,-0.067,0.752,2.242,1.363,0.97,0.643,0.146,0.106,0.15,1.744,1.353,1.298,0.409,0.252,0.073,0.152,1.778,1.324,1.191,0.568,0.247,0.091,0.2,1.743
Lebanon,0.987,1.224,0.815,0.216,0.166,0.027,9.3617239,0.824338138,67.10658264,0.551357508,-0.06121527,0.90225625,1.53554225,9.626,0.848,67.355,0.525,-0.073,0.898,1.736,1.392,0.498,0.631,0.103,0.082,0.034,0.216,1.417,0.476,0.398,0.123,0.061,0.027,1.778,1.377,0.577,0.556,0.173,0.068,0.029,-0.073
Colombia,0.985,1.41,0.841,0.47,0.099,0.034,9.500369072,0.884440243,67.69958496,0.836179912,-0.161235645,0.86457181,2.421656609,9.557,0.847,68.001,0.837,-0.135,0.841,2.794,1.452,0.929,0.72,0.545,0.087,0.077,1.971,1.455,1.213,0.486,0.562,0.08,0.068,1.778,1.437,1.241,0.648,0.644,0.072,0.059,1.596
Venezuela,0.96,1.427,0.805,0.154,0.064,0.047,8.977793694,0.890408158,66.50534058,0.62327832,-0.169090509,0.837038398,1.74484086,9.073,0.861,66.7,0.615,-0.169,0.827,2.135,0,0.968,0.578,0.283,0.225,0.082,2.79,0,1.257,0.341,0.369,0.205,0.084,1.778,0,1.321,0.491,0.518,0.192,0.086,2.998
Peru,0.96,1.274,0.854,0.455,0.083,0.027,9.456313133,0.831075251,68.10023499,0.824766099,-0.16238822,0.893714964,2.213499546,9.458,0.832,68.25,0.822,-0.154,0.891,2.744,1.397,0.865,0.735,0.545,0.09,0.037,1.89,1.39,1.153,0.499,0.549,0.073,0.027,1.778,1.371,1.18,0.662,0.615,0.078,0.029,1.907
South Africa,0.96,1.351,0.469,0.389,0.13,0.055,9.403370857,0.852532268,56.50601196,0.759330094,-0.109777324,0.843423843,1.625117302,9.403,0.86,56.904,0.749,-0.067,0.86,2.187,1.425,1.088,0.361,0.442,0.089,0.046,1.742,1.417,1.428,0.149,0.464,0.09,0.019,1.778,1.389,1.369,0.322,0.537,0.078,0.034,1.693
Sri Lanka,0.949,1.265,0.831,0.47,0.244,0.047,9.389969826,0.825374067,67.20006561,0.837633669,0.081129618,0.859001756,0.611288548,9.47,0.827,67.299,0.841,0.079,0.863,1.075,1.415,0.934,0.66,0.529,0.15,0.079,0.595,1.422,1.224,0.426,0.539,0.12,0.086,1.778,1.361,1.179,0.586,0.583,0.144,0.031,0.014
Mongolia,0.948,1.531,0.667,0.317,0.235,0.038,9.412186623,0.937142491,62.30448532,0.693351328,0.098093867,0.863511205,1.810527563,9.4,0.935,62.5,0.708,0.116,0.856,2.492,1.393,1.197,0.467,0.398,0.247,0.059,1.999,1.379,1.494,0.244,0.425,0.239,0.058,1.778,1.353,1.511,0.4,0.501,0.237,0.055,1.64
Albania,0.947,0.848,0.874,0.383,0.178,0.027,9.417930603,0.671070457,68.70813751,0.781994224,-0.042309489,0.896303713,1.640897036,9.52,0.697,68.999,0.785,-0.03,0.901,2.25,1.439,0.646,0.719,0.511,0.138,0.028,1.718,1.449,0.951,0.48,0.549,0.133,0.037,1.778,1.438,0.924,0.638,0.69,0.138,0.049,1.428
Bosnia and Herzegovina,0.945,1.212,0.845,0.212,0.263,0.006,9.455817223,0.829204142,67.80813599,0.651352704,0.098274559,0.933769107,2.16724205,9.59,0.87,68.098,0.706,0.113,0.931,2.583,1.468,1.068,0.665,0.448,0.244,0.006,1.869,1.467,1.361,0.429,0.485,0.247,0.008,1.778,1.465,1.318,0.587,0.621,0.246,0,1.64
Indonesia,0.931,1.203,0.66,0.491,0.498,0.028,9.36975193,0.808379889,62.15584946,0.870614409,0.519586504,0.876296401,1.479573488,9.365,0.811,62.236,0.873,0.542,0.867,1.987,1.382,0.883,0.539,0.62,0.468,0.047,1.3,1.384,1.169,0.314,0.663,0.422,0.038,1.778,1.361,1.184,0.472,0.779,0.399,0.055,1.318
Tunisia,0.921,1,0.815,0.167,0.059,0.055,9.314972878,0.688718557,66.89785767,0.593361557,-0.216413811,0.867590249,1.528496742,9.266,0.691,67.201,0.656,-0.201,0.87,2.138,1.35,0.596,0.656,0.316,0.029,0.029,1.54,1.333,0.981,0.422,0.259,0.022,0.016,1.778,1.306,0.955,0.579,0.254,0.024,0.018,1.285
Egypt,0.913,1.039,0.644,0.241,0.076,0.067,9.316541672,0.735447824,61.78015137,0.708354175,-0.196878314,0.787726879,1.158818245,9.367,0.75,61.998,0.749,-0.182,0.795,1.648,1.388,0.732,0.548,0.469,0.041,0.254,0.856,1.377,0.972,0.326,0.467,0.038,0.25,1.778,1.37,0.996,0.488,0.49,0.025,0.259,0.349
Ecuador,0.912,1.312,0.868,0.498,0.126,0.087,9.246058464,0.836418986,68.50003815,0.859828949,-0.127014965,0.801215112,2.254933834,9.313,0.821,68.8,0.842,-0.124,0.843,2.653,1.352,0.879,0.708,0.565,0.08,0.083,1.866,1.343,1.173,0.476,0.56,0.079,0.069,1.778,1.315,1.151,0.64,0.606,0.087,0.078,1.846
Georgia,0.886,0.666,0.752,0.346,0.043,0.164,9.226100922,0.629033029,64.49520874,0.801641524,-0.22892037,0.665944695,1.69239831,9.585,0.671,64.3,0.783,-0.238,0.655,2.191,1.467,0.612,0.595,0.508,0,0.208,1.583,1.477,0.947,0.366,0.539,0,0.201,1.778,1.467,0.99,0.524,0.68,0,0.174,1.349
Kosovo,0.882,1.232,0.758,0.489,0.262,0.006,9.204429626,0.820726514,63.88555527,0.861535907,0.190933764,0.922328293,2.736902714,9.318,0.821,63.813,0.869,0.257,0.917,3.182,1.362,0.949,0.569,0.599,0.309,0.035,2.631,1.374,1.269,0.372,0.639,0.275,0.045,1.778,1.364,1.277,0.599,0.739,0.254,0.073,2.255
Paraguay,0.855,1.475,0.777,0.514,0.184,0.08,9.389982224,0.898727894,65.63993835,0.885923445,0.007997713,0.834788501,1.83412528,9.448,0.893,65.9,0.876,0.028,0.882,2.306,1.409,1.13,0.624,0.629,0.171,0.059,1.555,1.428,1.427,0.392,0.678,0.148,0.062,1.778,1.398,1.408,0.549,0.788,0.131,0.065,1.637
Armenia,0.85,1.055,0.815,0.283,0.095,0.064,9.100476265,0.757479429,66.75065613,0.712017834,-0.13877961,0.773544788,1.468161583,9.487,0.799,67.055,0.825,-0.168,0.629,2.127,1.434,0.82,0.668,0.558,0.054,0.21,1.654,1.466,1.134,0.443,0.551,0.053,0.16,1.778,1.444,1.154,0.603,0.65,0.051,0.173,1.379
Jordan,0.837,1.225,0.815,0.383,0.11,0.13,9.025999069,0.80216372,66.79975128,0.75104779,-0.162565202,0.700344324,1.262258053,9.182,0.767,67,0.755,-0.167,0.705,1.553,1.324,0.724,0.675,0.476,0.058,0.2,0.695,1.292,0.98,0.438,0.517,0.056,0.173,1.778,1.262,0.983,0.594,0.593,0.059,0.189,0.504
Jamaica,0.831,1.478,0.831,0.49,0.107,0.028,9.006250381,0.915701866,67.09999847,0.858068526,-0.125106767,0.888890028,2.214436531,9.186,0.877,67.5,0.89,-0.137,0.884,3.135,1.296,1.045,0.646,0.567,0.08,0.053,2.164,1.305,1.329,0.411,0.587,0.079,0.039,1.778,1.28,1.324,0.567,0.647,0.089,0.028,1.907
Ukraine,0.82,1.39,0.739,0.178,0.187,0.01,9.010690689,0.878879368,64.60678101,0.663081884,-0.030933706,0.920636714,1.252669334,9.436,0.888,64.902,0.724,-0.011,0.924,1.813,1.411,1.081,0.583,0.473,0.188,0.017,1.331,1.358,1.354,0.355,0.551,0.265,0.016,1.778,1.35,1.315,0.513,0.631,0.285,0.025,0.753
Philippines,0.807,1.293,0.657,0.558,0.117,0.107,8.993545532,0.846730053,61.92676163,0.915463448,-0.105463006,0.733634114,2.501741886,9.076,0.83,62,0.917,-0.097,0.742,2.872,1.268,0.912,0.514,0.678,0.107,0.142,2.283,1.238,1.108,0.286,0.714,0.104,0.141,1.778,1.232,1.146,0.441,0.826,0.099,0.136,2.167
Morocco,0.801,0.782,0.782,0.418,0.036,0.076,8.940313339,0.592628479,65.89624023,0.772072434,-0.240377247,0.815724611,2.378402472,8.903,0.56,66.208,0.774,-0.236,0.801,2.749,1.208,0.268,0.565,0.492,0.02,0.102,2.405,1.236,0.535,0.337,0.54,0.013,0.085,1.778,1.213,0.471,0.495,0.631,0.042,0.082,1.861
El Salvador,0.794,1.242,0.789,0.43,0.093,0.074,8.909075737,0.806092262,66.10826111,0.833805263,-0.121072978,0.754319906,2.937191725,9.054,0.762,66.402,0.888,-0.11,0.688,3.085,1.265,0.768,0.607,0.666,0.089,0.212,2.514,1.278,1.044,0.383,0.713,0.079,0.222,1.778,1.265,1.08,0.549,0.816,0.083,0.253,2.424
Bolivia,0.776,1.209,0.706,0.511,0.137,0.064,8.851115227,0.803108692,63.6004715,0.875873327,-0.09168113,0.822606206,2.425928593,9.046,0.81,63.901,0.875,-0.077,0.839,2.805,1.256,0.88,0.555,0.627,0.112,0.064,2.107,1.24,1.187,0.329,0.648,0.103,0.06,1.778,1.217,1.179,0.488,0.719,0.1,0.061,2.02
India,0.755,0.765,0.588,0.498,0.2,0.085,8.849823952,0.592200935,60.21518707,0.881444871,0.057551607,0.772042692,0.734130859,8.755,0.603,60.633,0.893,0.089,0.774,1.405,1.167,0.376,0.471,0.647,0.198,0.123,0.795,1.159,0.674,0.252,0.685,0.175,0.111,1.778,1.166,0.653,0.417,0.767,0.174,0.122,0.756
Uzbekistan,0.745,1.529,0.756,0.631,0.322,0.24,8.740371704,0.926595807,65.10757446,0.974998116,0.248427153,0.501497388,2.073346615,8.836,0.918,65.255,0.97,0.311,0.515,2.477,1.219,1.092,0.6,0.716,0.283,0.24,1.913,1.227,1.347,0.375,0.74,0.26,0.208,1.778,1.212,1.394,0.539,0.835,0.251,0.215,1.749
Vietnam,0.741,1.346,0.851,0.543,0.147,0.073,8.809545517,0.849987149,67.9527359,0.939592957,-0.094533332,0.79642123,1.685977936,8.973,0.85,68.034,0.94,-0.098,0.796,2.211,1.252,0.932,0.611,0.707,0.143,0.105,1.735,1.349,1.212,0.381,0.741,0.134,0.122,1.778,1.331,1.267,0.539,0.843,0.094,0.16,1.81
Myanmar,0.71,1.181,0.555,0.525,0.566,0.172,8.680481911,0.78440702,58.96171188,0.895075202,0.560663998,0.645124316,0.681462526,8.541,0.779,59.302,0.876,0.509,0.66,1.407,1.038,0.829,0.491,0.513,0.452,0.194,0.877,1.032,1.125,0.269,0.46,0.4,0.194,1.778,0.978,0.988,0.436,0.45,0.401,0.174,0.928
Nigeria,0.696,1.111,0.245,0.426,0.215,0.041,8.57662487,0.73721689,49.86190796,0.759578407,0.033745807,0.861874342,2.219635487,8.533,0.74,50.102,0.737,0.037,0.878,2.736,1.079,0.732,0.3,0.444,0.175,0.038,1.784,1.065,1.007,0.092,0.448,0.176,0.013,1.778,1.042,1.075,0.256,0.566,0.201,0.019,1.722
Nicaragua,0.694,1.325,0.835,0.435,0.2,0.127,8.493160248,0.857497036,67.50717926,0.863902867,0.020959141,0.665950119,2.496081114,8.62,0.864,67.657,0.836,0.02,0.664,2.841,1.105,1.029,0.617,0.617,0.168,0.212,2.418,1.109,1.292,0.385,0.66,0.148,0.218,1.778,1.097,1.263,0.542,0.793,0.133,0.251,2.203
Moldova,0.685,1.328,0.739,0.245,0.181,0,8.776714325,0.843313575,65.01301575,0.721609175,-0.037741039,0.913314283,2.370968342,9.454,0.857,65.699,0.822,-0.079,0.918,2.665,1.417,1.008,0.597,0.561,0.102,0.028,2.142,1.425,1.302,0.375,0.61,0.093,0.02,1.778,1.385,1.277,0.542,0.695,0.077,0.044,1.795
Pakistan,0.677,0.886,0.535,0.313,0.22,0.098,8.482727051,0.689062297,58.25313568,0.734833717,0.04489987,0.745705426,2.976876736,8.458,0.651,58.709,0.726,0.098,0.787,2.784,1.049,0.413,0.374,0.448,0.181,0.112,1.94,1.081,0.657,0.158,0.511,0.141,0.102,1.778,1.069,0.6,0.321,0.542,0.144,0.074,1.907
Honduras,0.642,1.236,0.828,0.507,0.246,0.078,8.424534798,0.821870148,67.19876862,0.870603263,0.086969115,0.801131904,2.464295387,8.648,0.812,67.3,0.857,0.081,0.809,2.934,1.111,0.885,0.555,0.582,0.202,0.076,2.611,1.115,1.072,0.341,0.613,0.189,0.062,1.778,1.091,1.035,0.502,0.72,0.175,0.081,2.364
Ghana,0.611,0.868,0.486,0.381,0.245,0.04,8.350645065,0.728601098,57.20398712,0.794796526,0.094170853,0.847964764,2.378437281,8.58,0.727,57.586,0.807,0.123,0.848,2.684,1.112,0.595,0.409,0.5,0.23,0.056,1.972,1.101,0.756,0.197,0.526,0.211,0.035,1.778,1.077,0.747,0.36,0.623,0.183,0.028,1.273
Zambia,0.578,1.058,0.426,0.431,0.247,0.087,8.224720001,0.698824465,55.29937744,0.806500256,0.078037128,0.801289678,1.134339333,8.145,0.708,55.809,0.782,0.061,0.823,1.975,0.93,0.577,0.306,0.525,0.203,0.083,1.135,0.914,0.89,0.095,0.545,0.189,0.08,1.778,0.899,0.809,0.264,0.727,0.168,0.109,0.526
Cambodia,0.574,1.122,0.637,0.609,0.232,0.062,8.249890327,0.773080647,61.52996826,0.959704638,0.051911179,0.822769046,1.663300037,8.36,0.765,62,0.959,0.034,0.843,2.148,1.019,0.732,0.505,0.74,0.166,0.068,1.41,1.025,1.024,0.283,0.768,0.176,0.051,1.778,1.011,1.019,0.442,0.863,0.17,0.071,0.765
Ivory Coast,0.569,0.808,0.232,0.352,0.154,0.09,8.225561142,0.658048689,49.50377274,0.727909327,-0.043991156,0.790771961,3.081022501,8.551,0.644,50.114,0.741,-0.016,0.794,3.469,1.094,0.442,0.322,0.451,0.149,0.124,2.652,1.094,0.584,0.12,0.467,0.138,0.131,1.778,1.08,0.578,0.288,0.547,0.12,0.164,2.303
Bangladesh,0.562,0.928,0.723,0.527,0.166,0.143,8.287063599,0.687292993,64.50306702,0.90062499,-0.033664726,0.661843538,1.755261898,8.454,0.693,64.8,0.877,-0.041,0.682,2.427,1.06,0.614,0.581,0.622,0.125,0.187,1.967,1.133,0.513,0.355,0.617,0.139,0.165,1.778,1.122,0.249,0.513,0.775,0.14,0.167,0.919
Kyrgyzstan,0.551,1.438,0.723,0.508,0.3,0.023,8.148405075,0.887228489,64.10601044,0.909374893,0.154772058,0.888396084,2.060206652,8.538,0.893,64.401,0.935,0.119,0.908,2.648,1.069,1.109,0.638,0.693,0.208,0.025,2.087,1.061,1.439,0.417,0.735,0.234,0.018,1.778,1.054,1.477,0.588,0.834,0.225,0.03,1.505
Cameroon,0.549,0.91,0.331,0.381,0.187,0.037,8.118647575,0.700386405,52.7049408,0.763051808,-0.00149645,0.851336598,2.719370842,8.189,0.71,53.515,0.731,0.026,0.848,3.195,0.968,0.672,0.317,0.397,0.152,0.074,2.469,0.965,0.871,0.118,0.405,0.144,0.059,1.778,0.943,0.856,0.288,0.521,0.126,0.06,2.08
Kenya,0.512,0.983,0.581,0.431,0.372,0.053,8.02977562,0.702652037,60.09693146,0.829747558,0.294681519,0.831499159,1.684904575,8.361,0.688,60.704,0.779,0.287,0.825,2.18,1.032,0.605,0.401,0.44,0.322,0.082,1.661,1.051,0.881,0.19,0.418,0.291,0.055,1.778,1.037,0.895,0.353,0.519,0.282,0.069,1.316
Tajikistan,0.493,1.098,0.718,0.389,0.23,0.144,8.024810791,0.835297108,64.10459137,0.831383407,-0.025088511,0.592076063,2.25650835,8.091,0.86,64.281,0.832,-0.056,0.553,2.619,0.966,1.005,0.518,0.572,0.118,0.304,1.895,0.972,1.248,0.291,0.599,0.104,0.292,1.778,,,,,,,
Tanzania,0.476,0.885,0.499,0.417,0.276,0.147,7.967665195,0.688933194,57.49607468,0.82153976,0.109668687,0.619799435,0.718963385,7.876,0.702,57.999,0.833,0.183,0.577,1.263,0.848,0.597,0.425,0.578,0.248,0.27,0.735,0.836,0.787,0.214,0.607,0.234,0.269,1.778,0.82,0.706,0.38,0.709,0.191,0.257,0.717
Senegal,0.45,1.134,0.571,0.292,0.153,0.072,8.118982315,0.723616004,59.59915161,0.690596163,-0.052335154,0.808785141,2.405123949,8.118,0.71,59.802,0.695,-0.046,0.801,3.071,0.933,0.53,0.447,0.494,0.143,0.081,2.419,0.943,0.727,0.231,0.519,0.142,0.06,1.778,0.927,0.751,0.392,0.607,0.152,0.069,2.071
Nepal,0.446,1.226,0.677,0.439,0.285,0.089,7.925357342,0.785512447,63.77917862,0.797565043,0.154168829,0.738099158,2.014386892,8.12,0.774,64.233,0.782,0.152,0.727,2.642,0.984,0.784,0.499,0.519,0.237,0.13,2.224,0.979,1.027,0.281,0.567,0.215,0.104,1.778,0.965,0.99,0.443,0.653,0.209,0.115,1.783
Benin,0.393,0.437,0.397,0.349,0.175,0.082,7.674319744,0.468671143,54.31246567,0.735182583,-0.003537213,0.740532577,3.440809727,8.087,0.489,54.713,0.757,-0.034,0.661,3.482,0.932,0.064,0.335,0.479,0.127,0.23,2.458,0.924,0.242,0.124,0.481,0.114,0.253,1.778,0.914,0.128,0.284,0.567,0.112,0.252,2.121
Mali,0.385,1.105,0.308,0.327,0.153,0.052,7.629852295,0.731468976,51.72698212,0.71156615,-0.044366926,0.839328408,2.559335232,7.744,0.724,51.969,0.697,-0.036,0.827,3.016,0.792,0.483,0.311,0.35,0.128,0.042,2.373,0.763,0.637,0.106,0.441,0.121,0.059,1.778,0.747,0.688,0.267,0.586,0.12,0.09,1.734
Guinea,0.38,0.829,0.375,0.332,0.207,0.086,7.750990391,0.637573481,54.46780014,0.706846774,0.076328471,0.761794448,2.740729809,7.838,0.639,55.008,0.697,0.095,0.766,3.216,0.848,0.566,0.275,0.334,0.214,0.116,2.538,0.844,0.776,0.072,0.369,0.204,0.102,1.778,0.831,0.622,0.236,0.521,0.21,0.107,2.497
Zimbabwe,0.366,1.114,0.433,0.361,0.151,0.089,7.865711689,0.763092756,55.61725998,0.711457908,-0.072063953,0.81023699,0.841031075,7.943,0.75,56.201,0.677,-0.047,0.821,1.205,0.947,0.69,0.27,0.329,0.106,0.105,0.548,0.758,0.881,0.069,0.363,0.112,0.117,1.778,0.748,0.85,0.232,0.487,0.096,0.131,0.797
Afghanistan,0.35,0.517,0.361,0,0.158,0.025,7.462860584,0.470366955,52.59000015,0.396573007,-0.0964294,0.933686554,1.507235646,7.695,0.463,52.493,0.382,-0.102,0.924,1.895,0.758,0,0.289,0,0.089,0.005,1.263,0.645,0,0.087,0,0.093,0.059,1.778,0.628,0,0.242,0,0.091,0.088,0.672
Ethiopia,0.336,1.033,0.532,0.344,0.209,0.1,7.509385586,0.743307352,58.63959122,0.740795195,0.043377332,0.753690004,1.628459215,7.694,0.764,59,0.752,0.082,0.761,2.089,0.788,0.809,0.457,0.472,0.205,0.136,1.375,0.793,1.114,0.25,0.451,0.283,0.101,1.778,0.792,0.915,0.42,0.441,0.27,0.101,0.923
Uganda,0.332,1.069,0.443,0.356,0.252,0.06,7.500389576,0.764994621,55.70820236,0.731713951,0.099487431,0.836737812,1.958671093,7.677,0.781,56.101,0.709,0.122,0.855,2.596,0.777,0.875,0.418,0.402,0.222,0.066,1.842,0.785,1.144,0.201,0.425,0.197,0.051,1.778,0.772,1.151,0.373,0.587,0.178,0.054,1.256
Burkina Faso,0.331,1.056,0.38,0.255,0.177,0.113,7.46854496,0.712943614,53.88945389,0.665563583,-0.019080516,0.739795029,2.588826418,7.678,0.672,54.151,0.695,-0.009,0.748,3.133,0.779,0.565,0.32,0.382,0.186,0.126,2.313,0.768,0.814,0.107,0.419,0.188,0.113,1.778,0.756,0.685,0.274,0.483,0.173,0.179,1.999
Togo,0.275,0.572,0.41,0.293,0.177,0.085,7.357711315,0.551312625,54.71989822,0.649828613,0.002667875,0.757733464,2.409595251,7.362,0.569,54.914,0.619,0.032,0.772,2.806,0.771,0.322,0.36,0.292,0.174,0.132,2.061,0.77,0.642,0.161,0.367,0.149,0.136,1.778,0.758,0.586,0.32,0.453,0.127,0.156,1.814
Sierra Leone,0.268,0.841,0.242,0.309,0.252,0.045,7.26880312,0.636142015,50.86514282,0.715315044,0.088660747,0.861330688,2.046271801,7.434,0.63,51.651,0.717,0.084,0.866,2.396,0.686,0.416,0.273,0.387,0.202,0.055,1.556,0.67,0.54,0.092,0.371,0.193,0.051,1.778,0.654,0.566,0.253,0.469,0.181,0.053,1.068
Malawi,0.191,0.56,0.495,0.443,0.218,0.089,7.062226295,0.544007301,57.59288788,0.803223193,0.021433279,0.731700778,1.552718282,6.958,0.537,57.948,0.78,0.038,0.729,2.19,0.648,0.279,0.388,0.477,0.14,0.157,1.661,0.637,0.479,0.189,0.49,0.139,0.129,1.778,0.617,0.41,0.349,0.571,0.135,0.136,1.203
